S0,Out,S676,4,S602,18,S362,8,S238,24,S246,20,In,S850,21,S356,5,S28,14,S149,4,S741,4,False
S1,Out,S930,14,S374,23,S514,8,S445,24,S3,20,S415,11,In,S679,21,S108,1,S168,0,S573,2,S246,23,S893,1,S175,22,False
S2,Out,S462,5,S685,4,S552,11,S897,23,In,S42,19,S294,5,S437,23,S854,11,S588,4,False
S3,Out,S327,11,S458,6,S292,15,S607,1,S950,21,In,S205,13,S1,20,False
S4,Out,S253,2,S15,12,S908,1,S371,8,S903,23,In,S276,4,S227,11,S317,8,S660,5,False
S5,Out,S48,2,S456,7,In,S889,22,S205,0,S39,9,S135,1,S674,11,S777,17,S856,17,S972,2,False
S6,Out,S921,15,S302,13,S503,21,S297,8,S222,6,S821,20,S293,0,In,S845,9,S606,4,S893,17,S966,15,S234,8,S850,18,S274,14,S490,0,False
S7,Out,S701,1,S527,11,S429,12,S383,3,In,S987,0,S739,6,S393,16,S676,20,S938,17,S275,13,S924,5,False
S8,Out,S536,16,S700,22,S506,4,S341,20,In,S456,24,S198,23,S364,17,S54,8,False
S9,Out,S685,21,S491,7,S340,20,S804,11,S492,5,S276,1,In,S300,24,S398,22,S758,23,S450,9,S910,8,S46,6,False
S10,Out,S536,18,S945,16,In,S296,13,S600,6,S158,9,S443,12,S369,18,S521,2,S102,5,S202,2,S123,4,False
S11,Out,S44,2,S123,18,S391,3,S260,12,S677,22,In,S33,4,S569,7,S936,23,S118,11,S494,3,S664,20,S64,14,S519,15,False
S12,Out,S769,9,S751,21,S592,20,S970,15,S441,10,In,S751,20,S770,21,S212,1,S962,7,False
S13,Out,S872,2,S924,8,S67,22,In,S991,23,S97,11,S835,11,S319,3,S525,6,S699,24,S880,10,S875,16,False
S14,Out,S631,13,S480,4,S594,3,S521,21,S136,2,In,S328,16,S201,9,S588,9,S925,2,False
S15,Out,S448,7,S931,3,S72,19,S227,10,In,S4,12,S254,18,S290,0,False
S16,Out,S683,11,S122,19,S101,23,In,S287,8,S684,7,S364,4,S117,15,S775,24,S264,19,S357,6,False
S17,Out,S919,24,S226,20,S394,11,S753,17,In,S883,17,S509,17,S634,12,S911,6,S71,18,False
S18,Out,S658,2,S912,11,S602,18,S642,8,S286,10,In,S655,22,S541,12,S349,6,False
S19,Out,S132,0,S315,24,S712,22,S169,13,S114,19,In,S636,6,S308,23,S529,16,S59,4,S127,9,False
S20,Out,S633,9,S20,16,S432,17,S753,13,S526,6,S237,23,S122,14,S485,24,S995,22,In,S242,12,S20,16,S701,22,S29,8,S741,10,False
S21,Out,S396,6,S321,3,S264,12,In,S447,18,S396,20,S204,20,S208,7,False
S22,Out,S644,24,S118,4,S470,7,In,S406,6,S580,5,S842,7,S461,0,S412,7,S28,5,S165,10,False
S23,Out,S204,9,S568,12,S76,20,S70,3,S393,18,S768,14,In,S60,13,S242,9,S920,9,S212,2,S173,14,False
S24,Out,S843,23,S730,11,S924,4,S988,15,S960,2,S89,0,In,S186,22,S351,10,S816,18,False
S25,Out,S382,13,S927,15,S317,1,S25,21,S69,0,In,S796,12,S373,10,S859,5,S710,0,S25,21,False
S26,Out,S953,22,S105,1,S332,16,S659,3,S548,17,In,S953,2,S231,22,False
S27,Out,S669,15,S670,20,S32,16,S980,3,S457,1,S519,17,In,S670,9,S216,11,S671,17,S882,23,S688,0,S32,6,S814,4,False
S28,Out,S656,24,S866,21,S0,14,S450,8,S22,5,S934,16,S649,13,In,S543,21,S329,15,S943,14,S40,18,S192,17,S857,19,S988,20,S296,23,S521,12,False
S29,Out,S853,10,S37,1,S933,20,S20,8,S81,13,S834,15,In,S328,13,S802,10,S726,5,S512,17,S592,22,S950,1,False
S30,Out,S30,18,S189,1,S389,13,S97,21,In,S30,18,S155,14,S791,10,S184,13,S466,1,False
S31,Out,S181,11,S551,18,S77,16,S941,3,S797,21,S914,20,In,S343,5,False
S32,Out,S338,0,S27,6,In,S595,11,S459,16,S171,13,S27,16,S528,18,S105,11,False
S33,Out,S11,4,S348,0,S667,10,S957,8,In,S584,16,S964,19,False
S34,Out,S209,15,S849,0,S450,3,S650,10,S195,24,In,S558,7,S524,3,S312,19,S242,8,False
S35,Out,S53,24,S508,23,S409,19,S43,4,S444,22,S513,5,S432,2,S282,13,S244,1,In,S462,10,S312,17,S248,12,False
S36,Out,S987,5,S799,15,S625,11,S366,0,S975,16,S553,22,In,S398,21,S977,9,S948,15,S491,8,S164,14,False
S37,Out,S313,13,S577,0,S658,11,S691,20,S542,8,S887,5,S46,22,S526,3,S94,15,In,S29,1,S565,1,S767,24,S678,3,S444,9,False
S38,Out,S644,2,S188,16,S122,10,S779,15,S109,12,S400,1,In,S541,0,S276,5,S160,21,False
S39,Out,S5,9,S89,24,S433,21,S120,15,S351,23,S355,12,In,S48,1,S293,18,S671,20,S317,0,False
S40,Out,S505,21,S218,24,S28,18,S137,13,In,S952,11,S444,11,S508,20,False
S41,Out,S908,18,S293,1,S860,6,S881,17,S915,20,S522,14,In,S112,17,S149,17,S499,22,S781,5,S98,9,S281,17,False
S42,Out,S2,19,S204,24,S609,22,S724,14,S501,17,S558,1,S233,12,In,S475,8,S455,8,S76,16,S611,5,False
S43,Out,S193,0,S618,14,S112,24,S232,13,In,S447,11,S711,3,S35,4,S308,2,S281,5,False
S44,Out,S584,4,S169,11,S374,15,S477,19,In,S11,2,S735,2,S760,5,S824,19,S478,1,S503,16,False
S45,Out,S45,21,S729,19,In,S45,21,S851,11,S213,2,S891,19,False
S46,Out,S539,4,S9,6,In,S123,15,S305,10,S37,22,S232,7,False
S47,Out,S763,4,S446,13,S60,11,S524,10,S652,9,S653,24,S842,14,S386,8,In,S321,9,S831,16,False
S48,Out,S666,19,S218,4,S907,22,S506,16,S978,11,S168,17,S49,18,S214,9,S952,20,S182,2,S39,1,S212,0,S740,6,S932,10,S584,24,S813,8,S630,21,S683,12,In,S813,8,S157,5,S876,5,S458,13,S996,16,S5,2,S817,2,S85,4,S392,3,S859,17,S232,11,S942,16,S298,23,S140,13,S358,12,S498,0,S545,4,S330,9,S505,7,False
S49,Out,S505,12,S336,15,S123,17,S234,11,S757,22,S580,10,S464,13,In,S48,18,S337,1,False
S50,Out,S116,24,S895,15,S754,2,In,S92,24,S954,21,S824,11,S950,9,False
S51,Out,S579,5,S470,13,S396,6,S874,0,S207,11,S108,18,S200,16,S441,4,S320,1,S600,20,In,S251,10,False
S52,Out,S798,13,S948,21,S720,20,S802,17,S59,5,S752,18,In,S235,20,S588,14,S205,18,S256,10,S704,12,False
S53,Out,S312,21,S248,2,S874,4,S693,18,S545,7,S683,17,In,S35,24,S706,23,S639,5,False
S54,Out,S328,19,S762,15,S70,7,S518,2,S8,8,In,S166,15,S940,3,False
S55,Out,S97,19,S456,10,S811,8,S825,1,S952,18,S685,24,In,S492,15,S204,2,S240,24,S431,5,S851,8,False
S56,Out,S640,22,S901,3,S632,12,S927,7,S462,13,S446,1,In,S989,9,S388,1,S315,20,False
S57,Out,S57,7,S119,0,S962,14,In,S57,7,S839,2,S572,24,S149,9,S363,21,False
S58,Out,S743,9,S502,8,S979,1,S631,10,In,S748,18,S108,22,S645,6,S220,12,S424,17,S131,19,S685,20,False
S59,Out,S642,24,S803,20,S388,3,S383,15,S178,21,S625,18,S551,19,S675,17,S19,4,S713,1,In,S314,19,S835,4,S519,11,S624,14,S914,9,S339,16,S740,21,S846,16,S52,5,S836,20,False
S60,Out,S23,13,S568,7,S436,14,S890,0,In,S47,11,S172,3,S320,20,S908,8,False
S61,Out,S655,1,S927,19,In,S316,6,S132,16,S865,1,S718,14,S971,24,S268,21,S303,2,S742,3,False
S62,Out,S894,14,S723,0,S648,21,S386,13,S751,20,In,S754,22,S581,10,S884,17,S665,1,False
S63,Out,S876,22,S637,16,S690,15,S813,2,S175,4,In,S607,24,S515,11,S78,1,S467,8,S728,18,S873,19,False
S64,Out,S558,21,S701,12,S703,8,S11,14,In,S724,4,S175,9,S630,0,S173,6,S580,7,S268,10,S647,19,False
S65,Out,S509,19,S646,10,S361,3,S223,20,S245,5,S564,15,In,S208,4,S942,24,False
S66,Out,S498,5,S846,9,In,S792,11,S457,17,S164,22,S881,3,S900,18,S376,5,S822,0,S427,16,False
S67,Out,S676,15,S500,10,S420,9,In,S162,7,S656,23,S128,24,S239,11,S406,21,S13,22,False
S68,Out,S659,21,S813,16,S147,0,S299,19,In,S793,7,S794,15,S441,11,S303,3,S718,10,False
S69,Out,S993,17,S194,15,S83,1,S323,14,S979,8,S181,16,S832,12,In,S96,13,S334,20,S487,4,S325,18,S840,23,S649,20,S926,21,S25,0,False
S70,Out,S688,12,S210,6,S780,1,In,S54,7,S23,3,S202,0,False
S71,Out,S504,3,S91,15,S239,11,S789,13,S17,18,S920,5,In,S287,11,S832,23,S236,24,S878,0,False
S72,Out,S961,3,S901,6,S471,23,S943,4,In,S326,6,S109,22,S296,10,S15,19,S292,13,False
S73,Out,S584,4,S202,1,S733,23,In,S442,20,S752,1,S811,13,S653,12,S870,3,False
S74,Out,S549,16,S219,21,In,S321,16,S943,17,S471,5,False
S75,Out,S655,10,S669,16,S862,9,S469,13,In,S748,22,S250,9,S856,9,S618,10,S548,0,False
S76,Out,S133,3,S42,16,S483,8,S116,6,S841,0,S218,24,S728,10,S506,12,S119,7,S364,20,S847,13,In,S321,2,S23,20,S406,5,S319,19,S348,12,False
S77,Out,S513,14,S474,6,S138,19,S353,18,In,S990,7,S31,16,S245,22,S520,0,S617,6,False
S78,Out,S278,18,S63,1,In,S471,0,S238,9,False
S79,Out,S532,24,S233,15,S255,8,S179,4,S675,22,S597,2,In,S385,20,S665,7,S732,11,S786,12,False
S80,Out,S516,0,S772,23,S273,22,S966,11,S992,21,S359,14,In,S910,3,S488,15,S179,1,S340,0,S291,0,S332,13,False
S81,Out,S208,1,S988,9,S442,10,S554,13,In,S344,1,S949,10,S864,12,S855,1,S120,21,S29,13,S551,11,S524,8,False
S82,Out,S213,6,S749,8,S939,15,S729,11,S567,16,S520,9,In,S537,23,S709,14,S93,23,S253,1,S342,4,S945,0,S314,23,False
S83,Out,S968,1,S288,10,S259,5,S897,24,S519,3,S333,7,S311,15,S88,18,In,S146,10,S69,1,S379,24,S742,13,S970,0,True
S84,Out,S366,15,S927,2,S484,11,S946,23,S867,24,S557,20,In,S536,22,S195,5,False
S85,Out,S48,4,S241,21,S139,16,In,S950,15,S463,15,S912,21,False
S86,Out,S131,6,S468,4,S498,8,S607,21,In,S741,20,S862,23,S262,4,S584,18,S480,8,S450,5,True
S87,Out,S757,13,S324,11,S897,24,S135,8,S494,14,S480,18,In,S985,7,S215,21,S589,16,S671,6,True
S88,Out,S310,9,S180,11,S406,8,S812,10,S946,12,S621,5,In,S847,14,S233,4,S546,3,S254,14,S83,18,False
S89,Out,S242,7,S950,16,In,S39,24,S154,16,S432,7,S540,21,S24,0,S735,3,False
S90,Out,S845,10,S680,6,S104,4,S518,14,S839,22,In,S893,4,S276,20,S391,23,S367,20,S698,14,S935,3,False
S91,Out,S908,23,S99,10,S700,3,S463,22,S449,18,S145,8,S541,14,In,S890,9,S71,15,False
S92,Out,S874,2,S50,24,S812,17,S482,20,In,S321,22,S957,14,S451,19,S450,21,S972,0,False
S93,Out,S897,10,S378,5,S645,21,S875,15,S82,23,S975,7,S221,17,In,S445,2,S829,0,S182,22,S556,1,True
S94,Out,S320,0,S672,15,S412,18,In,S659,16,S102,1,S310,5,S783,0,S37,15,S977,18,S804,24,False
S95,Out,S584,23,S208,11,S944,1,S172,15,In,S178,22,S547,1,False
S96,Out,S69,13,S736,7,S288,15,S103,4,S181,10,S357,23,In,S155,0,S121,11,False
S97,Out,S13,11,S961,8,In,S55,19,S152,10,S544,7,S805,18,S259,2,S30,21,S825,9,S177,19,S317,6,False
S98,Out,S245,18,S378,1,S41,9,S687,22,In,S245,18,S626,1,S750,6,S957,18,S970,13,S601,11,False
S99,Out,S644,4,S808,16,S577,8,S135,7,S468,23,In,S581,11,S812,7,S861,7,S91,10,S845,17,S720,23,S912,11,S937,8,S982,10,False
S100,Out,S917,11,S475,4,S561,20,S504,12,S332,7,In,S447,16,S134,1,False
S101,Out,S558,23,S232,21,In,S630,21,S884,9,S16,23,S912,23,False
S102,Out,S536,11,S94,1,S10,5,S304,18,S736,19,In,S544,17,S943,6,False
S103,Out,S794,0,S134,21,S992,3,S714,1,S547,23,S634,20,In,S836,4,S96,4,S917,17,S189,1,False
S104,Out,S559,21,S164,12,S197,6,S819,7,S482,8,S209,3,S196,16,S229,4,In,S108,14,S250,6,S969,19,S90,4,S208,8,False
S105,Out,S644,16,S110,4,S828,19,S32,11,In,S375,23,S938,21,S26,1,S586,8,S523,9,S632,24,False
S106,Out,S385,14,S912,5,S519,6,S288,12,S507,3,S517,22,In,S210,0,S569,13,S699,14,S816,17,S939,1,S122,6,S252,6,False
S107,Out,S549,11,S766,1,In,S321,18,False
S108,Out,S104,14,S202,20,S816,9,S442,11,S1,1,S58,22,S754,16,S993,18,In,S266,0,S253,12,S164,0,S882,13,S729,1,S51,18,S432,0,S712,2,False
S109,Out,S208,12,S600,11,S72,22,S614,16,S666,20,S723,18,S273,17,In,S121,10,S367,7,S38,12,False
S110,Out,S320,14,S821,18,In,S417,1,S983,23,S105,4,S884,23,False
S111,Out,S754,24,S255,3,S476,16,S946,22,S112,8,S641,12,In,S892,21,S558,3,S623,22,S498,4,S959,3,S648,19,False
S112,Out,S41,17,S511,3,S464,2,S341,23,S743,22,S850,14,S336,13,In,S606,7,S845,8,S111,8,S43,24,False
S113,Out,S754,10,S713,19,In,S644,6,S209,16,False
S114,Out,S575,22,S135,21,S606,24,In,S556,5,S340,8,S241,24,S703,8,S377,2,S19,19,S834,11,False
S115,Out,S876,22,S896,8,In,S889,9,S174,5,S480,6,True
S116,Out,S763,3,S347,4,S963,6,In,S50,24,S76,6,S979,14,S687,4,S686,6,False
S117,Out,S16,15,S137,16,S753,17,In,S810,22,S291,4,S189,15,False
S118,Out,S385,12,S503,15,S11,11,S656,16,In,S592,15,S22,4,S291,19,S563,11,S538,7,False
S119,Out,S199,19,S972,22,S545,3,S163,8,S753,9,S810,2,In,S57,0,S932,24,S330,5,S76,7,S458,10,False
S120,Out,S733,8,S652,4,S609,22,S81,21,S551,14,S400,9,S668,20,In,S508,13,S603,8,S138,5,S552,3,S400,12,S39,15,False
S121,Out,S179,18,S109,10,S926,1,S96,11,S774,21,S808,20,In,S774,24,S817,4,True
S122,Out,S498,10,S706,23,S106,6,S368,13,S601,2,In,S944,1,S16,19,S287,18,S604,2,S38,10,S528,4,S20,14,S734,16,False
S123,Out,S569,21,S46,15,S547,12,S784,23,S351,24,S739,13,S589,5,S10,4,In,S11,18,S816,11,S49,17,S863,14,S505,14,S331,23,False
S124,Out,S513,8,S227,10,S629,16,In,S484,19,False
S125,Out,S823,1,S831,17,S344,6,S476,23,In,S301,12,S182,12,False
S126,Out,S925,17,S398,8,S867,4,In,S838,10,S622,17,S352,22,S649,5,False
S127,Out,S988,1,S885,17,S480,0,S656,14,S19,9,In,S345,1,S895,14,True
S128,Out,S67,24,S745,7,S338,18,In,S362,16,S647,18,S585,0,S350,2,False
S129,Out,S129,20,S809,9,S299,12,S964,22,S294,11,S387,14,In,S833,22,S129,20,S451,20,S507,8,S463,1,True
S130,Out,S416,10,S240,19,S647,2,S188,12,S491,21,In,S473,7,S327,1,S891,23,S175,1,False
S131,Out,S584,3,S838,9,S58,19,S670,8,S619,2,In,S762,1,S411,11,S86,6,S715,16,False
S132,Out,S61,16,S746,12,S245,13,S560,21,S580,3,S798,2,In,S19,0,S773,15,S660,6,S420,11,S646,12,False
S133,Out,S321,20,S347,13,S688,21,S480,23,In,S76,3,S874,7,S448,1,False
S134,Out,S641,10,S100,1,In,S871,22,S438,3,S103,21,S645,23,False
S135,Out,S5,1,S823,4,In,S888,17,S114,21,S573,3,S441,5,S658,0,S99,7,S87,8,S709,10,True
S136,Out,S160,16,S266,8,S861,14,S400,21,S421,24,In,S476,11,S197,0,S903,2,S14,2,S149,3,False
S137,Out,S659,24,S817,22,In,S573,10,S204,24,S499,21,S117,16,S562,15,S40,13,S524,9,False
S138,Out,S120,5,S144,18,S898,6,S939,21,S380,20,In,S697,17,S437,21,S77,19,S359,8,S446,2,False
S139,Out,S201,11,S926,18,S342,19,In,S262,18,S200,10,S358,9,S573,24,S85,16,S241,2,False
S140,Out,S48,13,S266,21,In,S218,2,S718,2,S142,15,S607,5,False
S141,Out,S323,15,S347,20,S222,0,S835,23,In,S968,0,S832,18,S938,13,S356,2,S255,1,S645,21,S420,10,S940,15,True
S142,Out,S392,18,S753,8,S608,20,S140,15,S255,17,In,S798,23,S252,24,S540,14,S967,13,S657,1,S735,0,False
S143,Out,S336,15,S798,4,S934,9,S297,7,S910,11,S643,16,In,S934,1,S562,7,S624,8,S891,15,False
S144,Out,S369,16,S597,6,S234,24,S404,18,S637,20,In,S927,19,S732,22,S369,5,S138,18,S949,16,S183,24,False
S145,Out,S848,24,S718,1,S507,18,S206,3,In,S716,5,S818,7,S91,8,S574,18,S426,6,False
S146,Out,S856,2,S83,10,S535,5,In,S394,21,S812,13,S306,3,S270,6,False
S147,Out,S766,4,S368,17,S323,22,S792,15,S768,11,S729,7,In,S261,4,S305,22,S68,0,False
S148,Out,S567,15,S635,0,In,S371,22,S383,3,S305,12,False
S149,Out,S450,2,S264,14,S41,17,S57,9,S0,4,S687,19,S136,3,In,S400,20,S479,7,S918,15,False
S150,Out,S175,7,S819,21,S637,14,In,S447,10,S626,4,S643,18,False
S151,Out,S208,11,S329,7,S755,3,In,S920,21,S185,9,S270,16,S840,16,False
S152,Out,S97,10,S576,13,S231,24,S313,5,S844,20,In,S184,16,S876,21,S823,2,S641,10,S278,19,S385,17,False
S153,Out,S644,14,S350,4,S411,22,S163,13,S841,2,S927,23,S884,17,In,S893,2,S772,3,False
S154,Out,S89,16,S889,7,S461,9,S350,1,In,S674,12,S769,6,False
S155,Out,S96,0,S30,14,S867,24,In,S659,3,S614,24,S988,4,S593,16,S723,12,False
S156,Out,S709,15,S595,9,S561,1,S600,21,S468,7,S539,13,In,S595,14,S347,8,False
S157,Out,S48,5,S197,1,S519,13,In,S461,19,S907,14,S952,8,S189,5,S534,21,False
S158,Out,S10,9,S296,10,S436,18,S562,21,S877,6,In,S635,17,S348,1,S496,2,S905,5,S561,18,S453,14,False
S159,Out,S437,22,In,S761,9,S733,22,S568,19,S526,3,S432,19,S458,24,S626,19,S184,8,False
S160,Out,S649,0,S610,5,S38,21,S195,1,S845,22,S467,23,S470,10,In,S136,16,S215,15,S549,19,S963,16,S515,5,False
S161,Out,S644,12,S651,5,S612,9,In,S861,23,S720,19,S882,14,S966,9,S482,24,False
S162,Out,S67,7,S676,11,S393,4,In,S333,6,S519,4,S972,4,S459,7,S175,24,False
S163,Out,S379,13,S503,20,S854,2,S833,21,S824,9,In,S871,5,S828,1,S534,10,S265,16,S398,20,S820,15,S153,13,S405,23,S119,8,S194,23,False
S164,Out,S108,0,S66,22,S387,24,S381,4,S36,14,In,S104,12,S946,12,S923,23,S228,5,S630,4,False
S165,Out,S659,11,S494,22,S22,10,In,S551,17,S619,7,S963,11,S491,11,S355,4,S518,1,S574,9,True
S166,Out,S54,15,S736,21,S878,7,S191,1,In,S863,9,S688,6,S605,11,S939,10,False
S167,Out,S226,22,S327,18,S844,16,In,S772,14,S748,14,S988,7,S816,23,S655,12,False
S168,Out,S392,3,S1,0,S493,20,S877,10,S733,22,In,S48,17,S779,6,False
S169,Out,S638,22,S646,3,In,S682,18,S501,18,S707,18,S44,11,S484,11,S412,6,S19,13,S287,6,False
S170,Out,S486,11,S714,23,In,S855,23,S389,23,S931,17,S455,15,False
S171,Out,S451,8,S32,13,S981,3,S956,4,S708,2,In,S748,23,S959,19,S874,12,S534,23,False
S172,Out,S396,24,S60,3,S452,12,S563,0,S741,18,In,S747,17,S652,18,S275,22,S95,15,S868,10,False
S173,Out,S64,6,S724,9,S460,1,S23,14,In,S652,24,S251,13,S944,22,False
S174,Out,S888,4,S115,5,S612,24,In,S341,3,False
S175,Out,S508,10,S64,9,S895,11,S725,14,S162,24,S1,22,S130,1,In,S350,21,S150,7,S524,22,S357,10,S63,4,False
S176,Out,S288,7,S379,20,S736,18,S463,15,S942,11,S780,24,S559,22,S887,12,In,S659,10,S567,14,False
S177,Out,S879,15,S426,0,S884,6,S406,11,S97,19,In,S766,8,False
S178,Out,S95,22,S605,14,S892,12,In,S956,17,S405,20,S328,3,S59,21,S485,17,S618,23,False
S179,Out,S80,1,S502,2,S373,0,S874,3,S330,24,In,S121,18,S272,3,S782,1,S488,24,S987,16,S420,3,S305,14,S79,4,False
S180,Out,S228,7,S791,6,S832,3,S454,10,In,S410,5,S88,11,S770,24,False
S181,Out,S513,4,S736,2,S672,23,S603,16,S390,11,S205,8,S264,1,S476,20,In,S661,1,S31,11,S69,16,S96,10,S681,12,S805,11,S650,2,S308,11,False
S182,Out,S542,3,S419,7,S471,21,S336,10,S125,12,S884,1,S327,17,S93,22,S985,0,S455,6,S585,14,In,S48,2,S905,16,False
S183,Out,S597,16,S351,5,S296,1,S144,24,S659,19,In,S234,0,S743,2,False
S184,Out,S366,21,S635,24,S152,16,S224,4,S282,23,S30,13,S159,8,S242,2,In,S947,6,S897,10,S954,14,False
S185,Out,S685,24,S151,9,S730,23,S930,6,S385,22,S236,18,In,S726,16,S563,23,S323,5,S472,6,S732,15,False
S186,Out,S591,2,S24,22,S279,23,In,S388,20,S730,1,S635,8,S316,4,False
S187,Out,S531,10,S611,15,In,S648,12,S825,5,S851,9,False
S188,Out,S336,4,S665,17,S511,23,S458,0,S986,22,S305,8,S188,5,In,S615,12,S130,12,S38,16,S791,12,S199,23,S188,5,S335,4,S407,17,False
S189,Out,S320,17,S103,1,S157,5,S339,6,S117,15,In,S783,18,S771,17,S30,1,S561,12,S290,11,S411,9,False
S190,Out,S536,14,S326,6,S889,12,In,S536,10,False
S191,Out,S370,6,S654,24,S504,15,In,S389,12,S764,23,S444,16,S166,1,False
S192,Out,S645,4,S28,17,S342,10,S716,16,S335,11,In,S691,21,S381,23,S269,4,S628,3,S883,20,False
S193,Out,S747,10,S515,22,In,S43,0,S495,1,S985,22,S347,5,False
S194,Out,S686,3,S967,9,S394,12,S387,21,S954,11,S400,18,S163,23,In,S550,18,S745,17,S69,15,S573,19,S330,14,S334,10,S629,1,S813,23,False
S195,Out,S318,21,S353,7,S538,16,S84,5,S936,23,In,S833,11,S595,24,S352,12,S160,1,S729,3,S34,24,False
S196,Out,S561,0,S788,19,S872,21,S688,10,In,S485,1,S788,11,S979,12,S618,3,S561,4,S104,16,S270,7,S326,16,False
S197,Out,S266,9,S136,0,S754,5,S554,4,S275,8,S887,17,S912,10,S979,2,In,S776,10,S104,6,S157,1,S227,2,S752,18,S204,21,False
S198,Out,S567,18,S8,23,S314,8,S396,17,In,S885,19,S445,4,S348,2,False
S199,Out,S572,21,S925,16,S473,11,S188,23,S501,24,S651,15,S825,8,In,S119,19,S536,11,S241,7,False
S200,Out,S433,2,S139,10,In,S657,5,S597,2,S990,4,S401,11,S515,14,S51,16,S439,2,False
S201,Out,S507,19,S14,9,S322,3,S873,12,In,S405,21,S139,11,True
S202,Out,S644,5,S767,21,S10,2,S70,0,In,S435,9,S754,17,S108,20,S921,8,S293,12,S541,14,S938,2,S73,1,S721,6,S525,13,True
S203,Out,S766,21,S389,13,S373,1,In,S498,7,S934,6,False
S204,Out,S248,17,S21,20,S55,2,S944,16,S137,24,S808,5,S757,0,S197,21,In,S763,4,S23,9,S400,17,S42,24,S841,13,S467,3,False
S205,Out,S5,0,S52,18,S3,13,S503,8,S251,16,In,S822,10,S932,1,S657,22,S647,16,S181,8,False
S206,Out,S722,7,S682,21,S972,3,In,S830,21,S546,13,S145,3,S467,0,S923,16,False
S207,Out,S787,20,S346,11,S364,12,S306,22,S814,24,In,S359,19,S786,13,S51,11,S647,11,S590,12,False
S208,Out,S208,15,S869,2,S662,9,S230,21,S285,19,S916,0,S997,14,S413,18,S977,24,S489,16,S236,1,S434,11,S802,6,S267,13,S335,22,S65,4,S814,12,S498,20,S21,7,S290,3,S104,8,In,S208,15,S500,19,S679,8,S256,4,S226,11,S512,23,S324,10,S109,12,S755,16,S799,5,S646,22,S299,13,S919,16,S151,11,S81,1,S553,24,S221,8,S289,4,S765,6,S644,9,S95,11,S472,16,S906,21,False
S209,Out,S470,3,S479,7,S404,14,S113,16,S559,2,In,S34,15,S104,3,S372,4,S361,23,S539,2,S832,17,False
S210,Out,S762,18,S106,0,S313,23,S240,20,S258,3,S661,11,S357,13,In,S631,15,S245,6,S878,20,S853,3,S70,6,S868,11,S764,18,False
S211,Out,S362,22,S718,4,S547,19,S659,20,S555,23,S926,11,S495,5,In,S995,13,S543,3,S922,0,S771,22,S631,0,False
S212,Out,S542,11,S431,10,S769,14,S12,1,S788,8,S813,16,S23,2,In,S48,0,S727,5,S309,11,S439,17,False
S213,Out,S748,0,S698,24,S45,2,In,S82,6,S974,22,False
S214,Out,S548,15,S813,0,S392,6,S221,11,S376,5,In,S48,9,S467,5,S503,6,False
S215,Out,S160,15,S938,14,S87,21,S613,24,In,S596,0,S779,9,S266,22,S923,22,S345,2,S375,3,False
S216,Out,S716,15,S27,11,S850,7,In,S423,3,S974,17,S972,14,S384,11,S929,19,False
S217,Out,S937,17,S429,1,S329,2,S261,11,S500,15,In,S737,11,S972,3,S456,15,False
S218,Out,S852,8,S505,9,S753,21,S615,15,S140,2,S892,5,S431,24,In,S40,24,S48,4,S76,24,S894,2,S493,20,S551,6,S239,4,S221,13,False
S219,Out,S219,19,S571,7,S988,2,S759,17,S453,9,S699,20,S792,21,S556,23,In,S219,19,S74,21,S710,1,S428,10,S227,23,False
S220,Out,S894,7,S448,13,S596,8,S58,12,In,S511,24,False
S221,Out,S208,8,S324,24,S372,18,S688,1,S218,13,S516,5,In,S271,5,S811,23,S872,10,S214,11,S93,17,False
S222,Out,S233,24,S840,12,S978,5,S845,10,S522,21,In,S410,6,S227,10,S457,8,S379,10,S833,5,S6,6,S933,16,S141,0,S907,9,S442,23,False
S223,Out,S231,2,S993,17,In,S365,9,S250,2,S816,16,S65,20,False
S224,Out,S536,10,In,S184,4,S508,7,False
S225,Out,S381,23,S616,10,S897,15,S263,14,S825,17,S651,2,S640,13,In,S415,22,S660,15,S567,8,S591,8,S897,19,S778,4,S903,14,False
S226,Out,S208,11,S338,10,In,S167,22,S17,20,S516,2,S246,8,False
S227,Out,S960,8,S4,11,S222,10,S219,23,S789,1,S315,13,S197,2,S725,21,In,S606,16,S882,12,S816,2,S599,6,S124,10,S15,10,False
S228,Out,S644,16,S863,2,S878,6,S164,5,S479,1,In,S180,7,S816,19,S248,21,False
S229,Out,S885,9,S675,22,S318,15,S352,1,S242,5,In,S914,20,S351,18,S687,14,S394,6,S818,1,S104,4,False
S230,Out,S289,7,S948,23,S920,19,S322,20,S809,21,S557,18,In,S208,21,S544,23,S858,17,S299,22,False
S231,Out,S26,22,S610,2,S657,7,S279,4,S679,10,In,S921,13,S223,2,S800,2,S152,24,False
S232,Out,S48,11,S477,8,S259,21,S46,7,In,S278,3,S666,15,S372,8,S101,21,S927,17,S619,22,S43,13,False
S233,Out,S293,24,S476,15,S88,4,S846,21,S929,22,S245,0,S304,5,In,S938,11,S222,24,S888,12,S79,15,S615,1,S42,12,False
S234,Out,S183,0,S6,8,S698,18,S240,3,In,S536,0,S49,11,S144,24,S989,13,S761,12,False
S235,Out,S52,20,S921,1,In,S852,23,S592,23,S370,22,S457,12,False
S236,Out,S757,15,S926,8,S726,17,S393,18,S71,24,S610,9,In,S208,1,S296,21,S956,9,S185,18,False
S237,Out,S767,23,S787,6,S344,20,S247,24,In,S682,14,S792,23,S20,23,S926,11,S676,15,S269,18,False
S238,Out,S521,1,S980,16,S543,18,S78,9,In,S743,18,S246,19,S0,24,S833,23,S855,16,S766,1,False
S239,Out,S708,12,S616,24,S67,11,S597,13,S218,4,S718,17,In,S544,2,S71,11,False
S240,Out,S629,0,S392,14,S55,24,S845,2,S315,3,S821,19,In,S545,21,S336,1,S130,19,S210,20,S257,0,S282,6,S234,3,False
S241,Out,S522,15,S860,21,S114,24,S199,7,S139,2,In,S406,15,S599,7,S85,21,False
S242,Out,S242,15,S20,12,S876,24,S653,3,S23,9,S975,2,S630,7,S607,16,S34,8,S544,23,S690,0,In,S242,15,S89,7,S229,5,S184,2,False
S243,Out,S346,6,S992,2,S399,7,S654,15,S403,18,In,S368,8,S380,7,S531,21,S399,15,S844,11,False
S244,Out,S889,21,S614,19,S577,15,S384,5,S713,10,S991,24,In,S934,3,S701,16,S35,1,False
S245,Out,S98,18,S628,8,S210,6,S405,24,S77,22,S351,5,In,S582,22,S98,18,S715,7,S397,9,S65,5,S132,13,S334,8,S509,5,S233,0,False
S246,Out,S238,19,S743,10,S266,20,S356,4,S1,23,S226,8,In,S718,22,S0,20,S762,0,False
S247,Out,S973,23,S265,8,S455,6,S404,21,S943,11,In,S874,9,S476,10,S424,16,S457,20,S501,3,S762,11,S237,24,False
S248,Out,S35,12,S525,4,S228,21,S570,9,In,S204,17,S53,2,S517,7,S687,3,S609,14,S716,19,S698,20,S808,0,S843,24,S328,8,S390,7,False
S249,Out,S958,6,S623,11,S626,1,In,S398,9,S340,17,S729,20,False
S250,Out,S223,2,S104,6,S812,4,S596,23,S75,9,In,S311,11,S819,0,S742,0,S765,21,S545,3,False
S251,Out,S51,10,S524,8,S173,13,S251,12,S515,14,S463,18,S717,15,S370,17,In,S800,13,S687,17,S251,12,S816,7,S793,5,S205,16,True
S252,Out,S679,21,S634,1,S613,11,S142,24,S944,18,S963,17,S106,6,In,S516,15,S295,14,S920,14,False
S253,Out,S108,12,S720,21,S543,10,S743,16,S623,24,S82,1,In,S4,2,S436,13,False
S254,Out,S15,18,S88,14,S671,23,In,S689,21,S795,18,S886,3,S288,3,False
S255,Out,S673,14,S812,15,S937,16,S141,1,S328,13,S688,19,In,S111,3,S410,9,S960,4,S953,23,S79,8,S142,17,False
S256,Out,S509,19,S469,8,S208,4,S52,10,S321,16,In,S273,12,False
S257,Out,S554,13,S386,9,S878,5,S240,0,S758,23,In,S485,6,S887,15,S678,13,S554,6,S976,11,S601,0,False
S258,Out,S629,0,S297,11,S754,24,S425,22,S721,20,S861,6,In,S297,8,S327,5,S607,23,S210,3,False
S259,Out,S919,14,S97,2,In,S587,17,S966,14,S623,2,S83,5,S232,21,False
S260,Out,S565,16,S621,3,S635,12,S982,5,In,S322,2,S735,1,S878,18,S420,7,S577,1,S468,7,S11,12,S629,18,False
S261,Out,S825,3,S147,4,S353,6,In,S555,1,S706,10,S389,4,S217,11,S784,24,S325,5,False
S262,Out,S582,11,S139,18,S86,4,S750,7,In,S940,13,S480,3,S631,11,S699,5,S818,5,S291,18,False
S263,Out,S687,20,S870,23,In,S724,7,S225,14,False
S264,Out,S546,23,S696,22,S664,12,S856,17,S16,19,In,S460,14,S149,14,S21,12,S519,17,S367,22,S181,1,S935,16,False
S265,Out,S851,19,S659,13,S163,16,In,S739,21,S772,0,S247,8,False
S266,Out,S108,0,S215,22,S360,23,S510,13,S511,19,S749,16,In,S197,9,S136,8,S246,20,S140,21,False
S267,Out,S851,4,S886,11,In,S208,13,S576,17,S800,6,S680,11,S433,7,False
S268,Out,S752,1,S268,20,S924,11,S61,21,S64,10,S912,19,S449,17,In,S268,20,S675,12,True
S269,Out,S843,15,S192,4,S477,19,S481,20,S744,3,S338,10,S661,23,S237,18,S862,7,In,S991,4,S691,17,False
S270,Out,S892,3,S581,10,S151,16,S196,7,S309,19,S146,6,In,S606,2,S406,7,S365,15,S689,24,S555,13,S906,6,False
S271,Out,S469,1,S781,7,S221,5,S398,19,S997,0,S702,21,S525,4,S770,16,In,S434,14,False
S272,Out,S179,3,S324,18,S727,11,S720,20,In,S910,24,S728,5,S799,19,False
S273,Out,S256,12,S652,10,S483,11,S530,7,In,S80,22,S955,21,S274,21,S109,17,False
S274,Out,S848,12,S273,21,S6,14,In,S636,0,S999,4,S472,15,False
S275,Out,S934,15,S822,7,S977,3,S849,1,S172,22,S439,6,S7,13,S758,20,In,S542,4,S474,9,S552,9,S197,8,False
S276,Out,S38,5,S4,4,S90,20,S550,2,S767,0,S601,15,In,S644,8,S907,21,S994,19,S9,1,S333,7,False
S277,Out,S856,12,S535,10,S313,15,S331,0,In,S363,11,S828,6,False
S278,Out,S232,3,S341,10,S817,1,S152,19,In,S664,14,S545,10,S78,18,S763,18,False
S279,Out,S536,19,S289,15,In,S608,11,S369,24,S186,23,S366,7,S231,4,S867,2,False
S280,Out,S751,17,S332,24,In,S637,3,S337,3,S715,20,S870,7,S414,17,False
S281,Out,S381,13,S824,2,S402,22,S43,5,S511,4,S41,17,S914,12,S881,24,In,S600,15,S456,3,S343,23,S886,1,S323,0,False
S282,Out,S896,15,S451,14,S362,23,S429,11,S402,24,S240,6,S311,17,In,S680,18,S316,13,S784,8,S184,23,S952,24,S547,0,S35,13,False
S283,Out,S365,10,S690,8,S706,17,In,S906,16,S450,10,False
S284,Out,S887,6,S779,18,S767,4,S599,5,In,S990,24,S969,0,S931,2,S932,5,S442,10,False
S285,Out,S987,7,S782,15,S560,1,S300,6,S523,9,S640,4,In,S208,19,S454,24,S668,2,False
S286,Out,S925,20,S622,8,S503,21,S571,17,S436,22,S466,2,In,S762,9,S688,9,S597,14,S798,6,S699,13,S18,10,False
S287,Out,S16,8,S808,1,S71,11,S122,18,S169,6,In,S498,1,S793,6,S610,8,S911,9,False
S288,Out,S717,15,S417,0,S990,24,S764,4,S254,3,In,S176,7,S96,15,S83,10,S538,15,S106,12,S569,11,False
S289,Out,S208,4,S796,20,S817,11,In,S916,4,S230,7,S758,0,S590,2,S694,18,S279,15,False
S290,Out,S333,22,S886,15,S189,11,S15,0,S729,23,In,S680,5,S563,5,S937,3,S208,3,S811,5,False
S291,Out,S604,5,S586,7,S117,4,S321,9,S80,0,S557,3,S821,11,S118,19,S262,18,S848,14,In,S792,19,S389,10,S585,14,S857,10,S855,13,S521,22,S534,16,False
S292,Out,S458,24,S719,8,S855,3,S72,13,S560,21,In,S3,15,S886,6,S891,4,S457,19,S624,5,False
S293,Out,S541,22,S202,12,S39,18,S530,14,S856,13,S765,4,In,S847,9,S840,6,S233,24,S742,14,S41,1,S6,0,False
S294,Out,S585,0,S667,6,S2,5,S366,22,S411,14,In,S501,16,S857,13,S305,0,S643,3,S399,19,S750,20,S372,7,S129,11,False
S295,Out,S252,14,S774,0,S926,19,S728,24,S488,13,S981,11,S701,12,S306,2,S535,9,In,S729,24,S958,14,S361,19,False
S296,Out,S10,13,S383,6,S896,5,S709,9,S236,21,S72,10,S28,23,In,S326,1,S158,10,S183,1,S364,24,S838,23,S573,0,False
S297,Out,S876,22,S258,8,S505,21,S925,24,S659,3,In,S258,11,S319,6,S143,7,S906,23,S6,8,False
S298,Out,S48,23,S445,19,In,S952,20,False
S299,Out,S208,13,S515,0,S682,20,S803,23,S304,5,S454,7,S905,3,S230,22,In,S774,21,S398,23,S796,23,S129,12,S446,12,S609,17,S68,19,False
S300,Out,S9,24,S619,10,S327,8,In,S802,21,S285,6,S910,22,S858,8,False
S301,Out,S575,16,S125,12,S690,0,S667,10,In,S884,18,S580,10,S852,10,S469,21,S547,14,S984,1,False
S302,Out,S528,6,S654,5,S695,9,S789,19,S787,4,S937,1,S370,14,In,S498,22,S347,23,S6,13,S499,5,False
S303,Out,S364,5,S389,13,S476,21,S68,3,S577,19,S970,23,S575,6,S860,24,S61,2,S950,9,In,S684,22,S408,22,S579,14,S884,2,False
S304,Out,S745,14,S692,23,S816,2,S906,22,In,S661,9,S463,13,S299,5,S102,18,S233,5,False
S305,Out,S555,23,S807,17,S984,9,S879,6,S638,4,S294,0,S147,22,S705,24,S179,14,S46,10,S458,15,S877,7,S148,12,In,S494,0,S359,17,S188,8,S492,12,False
S306,Out,S652,5,S321,13,S483,23,S462,7,S146,3,In,S357,22,S207,22,S480,23,S295,2,S996,5,False
S307,Out,S579,1,S558,10,S737,8,In,S321,3,S783,13,False
S308,Out,S842,5,S968,3,S43,2,S19,23,S643,20,S451,22,S181,11,In,S922,4,S602,16,False
S309,Out,S908,17,S212,11,S855,20,S786,14,In,S596,10,S806,7,S379,7,S630,2,S270,19,False
S310,Out,S754,21,S764,2,S388,3,S94,5,In,S88,9,S971,16,S742,9,S977,20,False
S311,Out,S250,11,S673,23,S689,2,S754,22,S513,12,In,S689,2,S938,22,S317,14,S653,14,S758,6,S282,17,S83,15,False
S312,Out,S909,0,S400,15,S35,17,S858,3,S34,19,S986,14,S613,10,S435,24,S901,6,In,S53,21,S849,22,S483,9,True
S313,Out,S699,4,S819,5,In,S37,13,S210,23,S486,0,S841,20,S277,15,S152,5,False
S314,Out,S732,5,S59,19,S563,10,S82,23,In,S804,23,S382,4,S198,8,S369,0,S636,19,False
S315,Out,S498,5,S586,14,S840,24,S642,21,S405,6,S56,20,In,S504,14,S19,24,S227,13,S656,4,S240,3,False
S316,Out,S61,6,S282,13,S820,19,S186,4,S896,8,S531,1,In,S743,3,S353,18,S367,10,False
S317,Out,S906,21,S311,14,S4,8,S39,0,S640,20,S97,6,In,S960,0,S25,1,S641,2,S427,17,False
S318,Out,S748,24,S866,12,S323,15,S543,1,In,S451,11,S195,21,S865,13,S229,15,S802,15,S875,7,False
S319,Out,S891,23,S354,10,S297,6,S327,2,S13,3,S744,21,S76,19,In,S471,22,S917,24,False
S320,Out,S390,21,S440,22,S343,24,S993,17,S619,18,S358,0,S472,16,S442,8,S688,19,S608,9,S60,20,In,S94,0,S534,14,S189,17,S856,12,S110,14,S707,22,S51,1,S341,6,False
S321,Out,S321,1,S345,11,S74,16,S630,6,S107,18,S47,9,S517,20,S403,4,S964,23,S761,7,S92,22,S76,2,S307,3,S495,19,S748,10,S633,15,In,S540,10,S306,13,S710,8,S21,3,S321,1,S690,16,S589,22,S430,18,S973,15,S986,8,S133,20,S579,2,S450,15,S546,4,S913,10,S584,3,S438,21,S362,21,S291,9,S256,16,False
S322,Out,S424,7,S260,2,S896,16,S399,8,S646,21,S738,15,S659,17,S720,23,In,S945,21,S201,3,S230,20,False
S323,Out,S325,11,S561,2,S620,4,S803,7,S185,5,S810,24,S783,23,S281,0,S383,20,In,S330,0,S141,15,S69,14,S618,21,S147,22,S318,15,S363,12,False
S324,Out,S208,10,S768,14,S804,4,In,S87,11,S930,8,S272,18,S221,24,S799,7,S420,24,S325,13,False
S325,Out,S69,18,S967,23,S543,14,S324,13,S261,5,In,S323,11,S839,18,S343,11,S705,8,False
S326,Out,S901,11,S608,21,S296,1,S72,6,S196,16,In,S445,19,S639,10,S651,17,S190,6,S471,17,S701,20,S679,11,False
S327,Out,S130,1,S258,5,In,S881,15,S3,11,S319,2,S182,17,S917,4,S167,18,S988,0,S300,8,False
S328,Out,S14,16,S178,3,S29,13,S963,22,S747,0,S248,8,In,S54,19,S405,16,S465,4,S696,10,S556,6,S400,10,S703,12,S945,9,S869,7,S255,13,S842,12,S912,7,S580,15,False
S329,Out,S28,15,S466,20,In,S995,7,S217,2,S151,7,S883,18,False
S330,Out,S487,8,S323,0,S484,11,S194,14,S48,9,S436,1,S725,24,S119,5,S653,13,S602,17,In,S717,16,S979,8,S616,24,S489,24,S179,24,False
S331,Out,S449,20,S123,23,In,S498,15,S599,9,S375,13,S932,11,S495,24,S277,0,False
S332,Out,S641,21,S871,3,S390,6,S80,13,In,S928,13,S440,23,S836,3,S841,4,S567,5,S100,7,S26,16,S280,24,False
S333,Out,S943,1,S162,6,S276,7,In,S801,23,S290,22,S866,16,S83,7,False
S334,Out,S69,20,S194,10,S857,9,S755,1,S245,8,In,S681,13,S873,24,S412,18,False
S335,Out,S757,12,S752,6,S739,5,S754,19,S652,13,S188,4,In,S208,22,S662,14,S485,21,S964,4,S192,11,False
S336,Out,S240,1,S886,12,In,S49,15,S143,15,S182,10,S188,4,S112,13,S810,3,False
S337,Out,S280,3,S770,15,S853,14,S49,1,In,S507,2,False
S338,Out,S429,0,S385,11,S944,12,S983,9,In,S716,4,S32,0,S865,2,S226,10,S269,10,S858,0,S128,18,S381,9,False
S339,Out,S548,20,S59,16,S587,0,S591,3,In,S950,0,S189,6,False
S340,Out,S249,17,S80,0,S114,8,S551,16,S578,5,In,S726,11,S869,3,S977,8,S9,20,S974,0,S584,10,S664,2,S494,16,False
S341,Out,S607,24,S174,3,S777,11,S674,4,S416,10,S971,2,S667,23,S320,6,In,S934,23,S278,10,S112,23,S8,20,False
S342,Out,S936,14,S862,18,S82,4,S726,19,In,S839,4,S192,10,S822,2,S139,19,S696,6,False
S343,Out,S928,24,S902,13,S931,1,S31,5,S658,15,S787,3,S484,6,S640,9,S431,10,S325,11,S281,23,S944,8,In,S484,14,S771,13,S320,24,S487,12,S775,17,S928,16,S923,2,S687,24,False
S344,Out,S81,1,S920,5,S739,13,S833,22,S622,16,In,S912,16,S508,11,S237,20,S565,0,S125,6,S469,15,False
S345,Out,S127,1,S841,19,S747,11,S215,2,S820,8,S473,14,In,S321,11,S643,14,False
S346,Out,S785,3,In,S243,6,S904,23,S207,11,S984,11,S924,18,S993,23,False
S347,Out,S788,20,S935,11,S347,0,S156,8,S302,23,S193,5,In,S485,2,S620,9,S347,0,S141,20,S133,13,S544,1,S116,4,False
S348,Out,S158,1,S198,2,S76,12,S809,15,In,S651,1,S369,1,S718,20,S33,0,S721,12,S414,3,S626,12,False
S349,Out,S835,8,S651,18,S18,6,S918,19,S554,11,In,S872,12,S564,22,S527,17,S529,17,S640,5,False
S350,Out,S175,21,S681,17,S760,20,S128,2,S417,24,In,S404,12,S153,4,S154,1,S803,21,S682,2,S528,1,False
S351,Out,S536,6,S701,24,S822,15,S696,2,S24,10,S229,18,S673,9,S485,4,In,S835,12,S563,3,S123,24,S183,5,S39,23,S939,23,S245,5,False
S352,Out,S537,2,S195,12,S636,15,S352,13,S126,22,S573,1,S560,20,S358,6,In,S595,13,S352,13,S722,20,S229,1,False
S353,Out,S316,18,S613,0,S389,15,S956,16,S735,11,S677,14,S779,6,S571,8,In,S195,7,S77,18,S261,6,False
S354,Out,S458,21,S468,0,S868,16,S777,23,In,S907,0,S319,10,S506,15,S740,8,S663,7,S549,10,S625,24,True
S355,Out,S395,15,S675,5,S604,18,S165,4,S407,1,S848,22,S661,24,S810,14,In,S684,9,S395,13,S706,14,S422,0,S39,12,S424,18,False
S356,Out,S0,5,S854,7,S141,2,S597,4,S635,19,In,S974,1,S373,1,S898,2,S246,4,S405,3,False
S357,Out,S306,22,S849,15,S175,10,S749,20,S800,21,S16,6,In,S733,14,S96,23,S210,13,False
S358,Out,S48,12,S139,9,S935,22,In,S432,15,S320,0,S352,6,False
S359,Out,S707,24,S207,19,S611,13,S138,8,S936,6,S305,17,In,S498,24,S559,1,S451,3,S882,8,S80,14,False
S360,Out,S606,24,S762,5,In,S599,23,S812,20,S266,23,S868,4,S493,5,False
S361,Out,S512,20,S295,19,S209,23,In,S739,3,S477,12,S65,3,S371,8,False
S362,Out,S128,16,S826,14,S362,20,S321,21,S526,9,In,S211,22,S595,5,S0,8,S282,23,S743,10,S362,20,S411,16,S621,18,S863,5,S403,3,S567,17,S656,9,False
S363,Out,S620,1,S277,11,S672,6,S438,0,S562,4,S57,21,S692,5,S323,12,In,S554,2,False
S364,Out,S16,4,S825,13,S684,16,S8,17,S666,14,S296,24,In,S303,5,S834,2,S984,12,S207,12,S76,20,False
S365,Out,S223,9,S649,24,S270,15,S367,18,S959,13,S502,19,In,S923,24,S283,10,S649,16,S453,11,False
S366,Out,S796,8,S732,17,S279,7,S722,3,S735,9,In,S645,0,S84,15,S184,21,S732,19,S414,2,S36,0,S294,22,False
S367,Out,S478,11,S709,24,S980,19,S316,10,S109,7,S90,20,S264,22,In,S748,3,S891,14,S365,18,S950,8,S692,8,False
S368,Out,S654,23,S243,8,S939,19,In,S147,17,S527,12,S566,0,S819,19,S122,13,False
S369,Out,S144,5,S279,24,S314,0,S348,1,S10,18,S400,13,S600,20,S527,14,S762,21,S699,4,In,S591,24,S144,16,False
S370,Out,S376,1,S235,22,S813,20,In,S191,6,S457,23,S540,11,S893,10,S302,14,S251,17,False
S371,Out,S371,1,S148,22,S461,2,S361,8,S385,23,In,S371,1,S4,8,False
S372,Out,S891,17,S232,8,S294,7,S209,4,S642,21,S763,1,In,S526,22,S221,18,False
S373,Out,S25,10,S555,5,S356,1,S937,0,In,S885,13,S203,1,S619,13,S179,0,False
S374,Out,S477,22,S958,20,S889,19,In,S1,23,S774,12,S44,15,S941,0,S801,11,False
S375,Out,S105,23,S635,2,S215,3,S331,13,S921,11,In,S673,6,S730,10,S789,17,S955,17,False
S376,Out,S933,10,S834,23,S66,5,In,S370,1,S214,5,False
S377,Out,S929,7,S862,24,S659,4,S114,2,S839,0,In,S572,18,S483,16,S819,20,False
S378,Out,S536,15,S556,22,S498,4,In,S824,24,S93,5,S98,1,S882,24,S455,6,False
S379,Out,S440,1,S83,24,S309,7,S886,13,S222,10,S883,16,In,S828,16,S441,24,S535,24,S176,20,S163,13,S815,15,S883,2,False
S380,Out,S659,16,S243,7,S790,9,In,S887,24,S733,16,S430,20,S138,20,S935,19,False
S381,Out,S192,23,S691,0,S381,5,S562,18,S978,10,S338,9,In,S225,23,S635,24,S281,13,S435,3,S705,0,S991,1,S381,5,S164,4,False
S382,Out,S314,4,S982,10,S666,18,In,S25,13,S937,16,False
S383,Out,S148,3,S800,4,S655,20,S727,13,In,S296,6,S640,16,S59,15,S7,3,S323,20,False
S384,Out,S513,19,S618,9,S506,8,S216,11,In,S928,24,S520,12,S244,5,S914,2,False
S385,Out,S79,20,S925,21,S152,17,In,S118,12,S106,14,S628,24,S481,17,S699,20,S338,11,S789,16,S371,23,S185,22,False
S386,Out,S561,16,In,S257,9,S928,6,S47,8,S741,15,S62,13,S525,2,S458,16,False
S387,Out,S643,4,S904,18,S504,12,S555,19,S949,1,S910,9,In,S638,24,S903,11,S194,21,S577,2,S410,17,S164,24,S129,14,False
S388,Out,S186,20,S870,13,S635,16,S56,1,S959,2,S583,5,S775,12,S584,18,In,S59,3,S616,22,S310,3,False
S389,Out,S291,10,S191,12,S821,20,S261,4,S170,23,S704,15,S410,2,S396,19,S771,3,S471,21,S948,9,In,S203,13,S303,13,S30,13,S737,12,S353,15,False
S390,Out,S659,22,S248,7,In,S320,21,S332,6,S181,11,False
S391,Out,S936,2,S945,16,S787,17,S90,23,In,S665,13,S936,15,S11,3,S621,13,False
S392,Out,S48,3,S477,15,In,S142,18,S168,3,S240,14,S214,6,S786,17,False
S393,Out,S514,15,S7,16,S419,13,S779,21,S813,10,S420,24,In,S477,21,S236,18,S162,4,S632,9,S875,9,S571,4,S23,18,S559,23,False
S394,Out,S146,21,S955,18,S504,0,S708,1,S229,6,In,S194,12,S17,11,False
S395,Out,S807,24,S355,13,S673,6,S565,5,S579,23,In,S355,15,S527,19,S498,19,S645,16,False
S396,Out,S21,20,S733,0,S990,6,In,S21,6,S172,24,S51,6,S913,9,S460,9,S389,19,S198,17,S879,22,S806,22,False
S397,Out,S245,9,S865,4,S480,8,In,S480,17,S838,17,S530,4,False
S398,Out,S249,9,S738,15,S36,21,S500,12,S9,22,S299,23,S163,20,S523,2,S518,0,S755,24,In,S955,11,S679,1,S126,8,S271,19,S771,19,False
S399,Out,S810,3,S294,19,S821,8,S243,15,In,S712,14,S243,7,S827,19,S756,20,S885,1,S322,8,S464,5,False
S400,Out,S149,20,S204,17,S988,9,S120,12,S328,10,S576,15,S695,14,In,S312,15,S136,21,S433,12,S369,13,S194,18,S120,9,S38,1,False
S401,Out,S498,7,S200,11,S601,19,S640,12,S567,15,In,S694,3,S857,12,S921,12,False
S402,Out,S560,4,S427,16,S766,7,S445,24,S576,2,In,S883,0,S281,22,S694,23,S698,9,S282,24,False
S403,Out,S467,22,S710,8,S362,3,In,S321,4,S659,17,S243,18,False
S404,Out,S350,12,S479,18,S687,5,S761,0,S818,6,S898,21,S410,3,In,S454,14,S209,14,S432,8,S247,21,S144,18,S950,14,False
S405,Out,S178,20,S328,16,S201,21,S940,2,S163,23,S776,13,S652,7,S356,3,S424,10,In,S245,24,S857,11,S604,7,S555,14,S315,6,S956,4,S946,13,S540,18,False
S406,Out,S270,7,S241,15,S22,6,S918,23,S76,5,S67,21,S509,17,In,S88,8,S860,19,S177,11,S503,21,False
S407,Out,S688,21,S662,7,S188,17,In,S584,1,S355,1,S436,20,S844,17,False
S408,Out,S449,14,S303,22,S903,0,S767,7,S985,15,S534,21,In,S498,5,S441,15,S710,9,False
S409,Out,S455,10,S905,6,S547,7,In,S724,2,S437,14,S35,19,S658,9,False
S410,Out,S222,6,S180,5,S255,9,S840,19,S387,17,S957,16,In,S644,1,S389,2,S573,6,S404,3,False
S411,Out,S131,11,S362,16,S697,15,S189,9,S855,2,In,S584,14,S153,22,S893,11,S597,6,S507,19,S294,14,False
S412,Out,S902,20,S334,18,S993,19,S22,7,S169,6,S431,1,In,S692,2,S417,11,S969,20,S459,13,S94,18,False
S413,Out,S469,0,S781,3,S475,23,S539,19,In,S208,18,S537,10,False
S414,Out,S901,16,S797,22,S474,9,S366,2,S280,17,S348,3,In,S632,1,S544,3,S690,15,S764,16,True
S415,Out,S225,22,S778,2,S634,6,In,S947,12,S914,12,S682,13,S439,12,S826,20,S903,3,S1,11,False
S416,Out,S996,14,S545,1,S889,9,In,S130,10,S432,9,S647,15,S341,10,S455,23,False
S417,Out,S110,1,S520,13,S412,11,S754,14,S626,24,In,S288,0,S999,2,S935,11,S853,23,S350,24,S903,17,False
S418,Out,S698,19,S449,7,In,S607,16,S777,0,False
S419,Out,S431,18,S518,20,S720,23,In,S822,20,S182,7,S647,9,S628,5,S393,13,False
S420,Out,S582,17,S260,7,S179,3,S132,11,S324,24,S141,10,In,S688,5,S867,3,S805,15,S393,24,S67,9,False
S421,Out,S453,13,In,S936,13,S547,21,S136,24,S934,15,S940,1,False
S422,Out,S608,6,S355,0,S574,1,In,S730,19,S796,7,False
S423,Out,S216,3,S635,18,S879,21,In,S848,20,S670,21,S822,17,S509,3,S690,17,S826,12,False
S424,Out,S428,8,S247,16,S499,15,S58,17,S355,18,In,S322,7,S862,8,S405,10,False
S425,Out,S622,17,S927,6,S480,12,In,S584,22,S993,11,S649,10,S258,22,S874,13,S988,9,False
S426,Out,S498,10,S604,23,S448,4,S145,6,In,S177,0,S654,11,S927,9,True
S427,Out,S516,18,S427,0,S680,19,S856,4,S437,3,S317,17,S66,16,S803,11,In,S452,20,S427,0,S402,16,S965,8,S912,14,S893,0,False
S428,Out,S584,9,S539,11,S219,10,S625,22,In,S424,8,S912,20,True
S429,Out,S663,3,S896,6,S995,8,In,S217,1,S282,11,S748,20,S658,18,S338,0,S7,12,S549,8,S438,4,S721,21,S470,6,False
S430,Out,S321,18,S380,20,In,S454,6,S844,23,False
S431,Out,S556,11,S674,13,S816,7,S55,5,S990,8,In,S629,9,S419,18,S212,10,S343,10,S218,24,S965,16,S412,1,True
S432,Out,S358,15,S416,9,S89,7,S813,12,S942,4,S159,19,S108,0,S404,8,S845,2,In,S575,24,S20,17,S952,21,S698,22,S35,2,False
S433,Out,S536,11,S400,12,S886,13,S998,24,S267,7,In,S523,14,S875,13,S200,2,S564,23,S39,21,S465,14,True
S434,Out,S739,16,S500,18,S509,17,S271,14,S883,6,S955,2,S781,1,S918,20,S940,22,S994,0,In,S208,11,False
S435,Out,S202,9,S381,3,S885,13,In,S644,16,S312,24,S747,6,S499,6,False
S436,Out,S575,2,S855,0,S253,13,S620,3,S461,12,S407,20,In,S978,9,S794,0,S330,1,S885,9,S60,14,S286,22,S158,18,S730,23,False
S437,Out,S409,14,S138,21,S622,17,S2,23,S882,4,S522,5,In,S159,22,S910,23,S427,3,False
S438,Out,S134,3,S321,21,S811,13,S429,4,In,S363,0,S902,15,S753,21,False
S439,Out,S529,21,S494,0,S415,12,S647,4,S644,9,S212,17,S200,2,In,S498,10,S275,6,S845,0,False
S440,Out,S677,0,S793,20,S332,23,S928,9,S525,18,In,S379,1,S320,22,S513,18,S918,18,S545,1,False
S441,Out,S811,19,S379,24,S68,11,S135,5,S408,15,S649,2,In,S661,11,S12,10,S51,4,False
S442,Out,S769,4,S73,20,S584,24,S750,0,S775,14,S284,10,S222,23,In,S584,8,S108,11,S320,8,S81,10,False
S443,Out,S10,12,S597,22,S546,7,In,S872,5,S803,14,S708,22,S919,6,False
S444,Out,S40,11,S191,16,S679,20,S37,9,In,S884,20,S612,6,S548,1,S35,22,S700,13,S679,0,False
S445,Out,S326,19,S708,18,S93,2,S198,4,S872,6,S927,15,In,S536,1,S521,5,S1,24,S402,24,S298,19,False
S446,Out,S763,7,S842,3,S299,12,S138,2,S548,19,In,S47,13,S800,15,S56,1,False
S447,Out,S21,18,S552,17,S43,11,S150,10,S100,16,S568,9,S849,8,In,S687,11,S590,16,False
S448,Out,S882,21,S819,5,S957,10,S133,1,In,S220,13,S15,7,S426,4,False
S449,Out,S855,23,S486,13,S787,7,S604,21,In,S525,12,S808,6,S408,14,S331,20,S91,18,S418,7,S268,17,False
S450,Out,S321,15,S86,5,S512,11,S92,21,S9,9,S603,19,S283,10,In,S149,2,S34,3,S909,9,S878,2,S28,8,S813,7,S775,14,False
S451,Out,S318,11,S129,20,S92,19,S359,3,S925,9,In,S171,8,S282,14,S549,20,S545,8,S308,22,False
S452,Out,S574,0,S427,20,S985,18,S809,11,In,S985,15,S172,12,S865,6,False
S453,Out,S468,3,S481,12,S950,16,S878,6,S365,11,S158,14,In,S421,13,S547,23,S849,7,S219,9,S535,7,S993,17,S947,17,True
S454,Out,S404,14,S430,6,S976,9,S888,7,S536,8,S285,24,In,S724,23,S874,19,S912,12,S299,7,S180,10,False
S455,Out,S42,8,S416,23,S170,15,S378,6,In,S409,10,S858,5,S247,6,S182,6,False
S456,Out,S281,3,S8,24,S217,15,In,S55,10,S727,16,S5,7,False
S457,Out,S370,23,S855,9,S808,4,S66,17,S531,7,S247,20,S222,8,S704,24,S292,19,S793,14,S235,12,In,S675,22,S27,1,False
S458,Out,S48,13,S720,4,S557,1,S159,24,S386,16,S810,18,S119,10,S714,3,In,S292,24,S3,6,S354,21,S305,15,S188,0,S504,2,False
S459,Out,S32,16,S162,7,S412,13,In,S809,10,S668,8,S767,14,S956,22,S773,2,S990,1,False
S460,Out,S264,14,S396,9,S695,11,In,S759,10,S173,1,S515,24,S867,23,False
S461,Out,S891,15,S157,19,S876,11,S996,9,S22,0,S714,3,S638,23,S955,2,In,S664,12,S934,8,S154,9,S510,15,S371,2,S436,12,False
S462,Out,S35,10,S470,4,S508,5,S993,9,In,S524,15,S2,5,S733,8,S56,13,S836,2,S306,7,False
S463,Out,S990,0,S304,13,S983,11,S905,19,S129,1,S85,15,In,S497,22,S935,1,S176,15,S91,22,S251,18,False
S464,Out,S644,24,S465,14,S399,5,In,S112,2,S475,12,S495,18,S832,14,S49,13,False
S465,Out,S328,4,S696,1,S433,14,In,S839,5,S631,2,S532,19,S926,20,S818,24,S464,14,S672,14,S570,16,S995,3,False
S466,Out,S663,13,S656,15,S979,8,S30,1,In,S329,20,S522,17,S495,12,S286,2,False
S467,Out,S204,3,S214,5,S63,8,S206,0,In,S403,22,S160,23,False
S468,Out,S260,7,S946,21,In,S453,3,S86,4,S354,0,S939,22,S156,7,S99,23,False
S469,Out,S966,14,S701,0,S301,21,S344,15,In,S271,1,S256,8,S413,0,S628,22,S641,1,S75,13,False
S470,Out,S579,8,S429,6,In,S51,13,S209,3,S462,4,S680,6,S22,7,S160,10,S515,19,S830,7,False
S471,Out,S319,22,S78,0,S526,16,S326,17,S74,5,S738,6,S518,24,S963,11,In,S891,13,S182,21,S740,23,S72,23,S389,21,S854,6,S827,1,False
S472,Out,S478,8,S274,15,S185,6,S208,16,In,S499,8,S595,22,S663,5,S320,16,S829,7,False
S473,Out,S130,7,S647,1,S859,21,In,S629,15,S612,18,S526,13,S199,11,S345,14,False
S474,Out,S536,13,S687,22,S275,9,S731,18,In,S414,9,S77,6,S491,22,False
S475,Out,S42,8,S697,7,S655,6,S464,12,In,S571,3,S100,4,S413,23,S979,4,False
S476,Out,S136,11,S247,10,S865,0,In,S111,16,S233,15,S303,21,S676,1,S962,2,S125,23,S181,20,False
S477,Out,S393,21,S361,12,S616,5,In,S662,7,S374,22,S977,12,S232,8,S269,19,S392,15,S912,0,S44,19,False
S478,Out,S602,3,S44,1,S554,23,S698,11,In,S367,11,S680,0,S472,8,S694,17,S703,11,False
S479,Out,S149,7,S634,10,S986,6,S902,4,S829,8,In,S763,9,S404,18,S209,7,S228,1,False
S480,Out,S397,17,S262,3,S86,8,S115,6,S912,11,S799,4,S306,23,In,S14,4,S881,5,S127,0,S657,6,S955,0,S801,10,S425,12,S133,23,S87,18,S397,8,False
S481,Out,S385,17,S699,24,In,S453,12,S936,19,S269,20,S487,20,False
S482,Out,S644,16,S161,24,S799,8,In,S104,8,S92,20,False
S483,Out,S841,12,S734,2,S377,16,S312,9,S909,6,S974,19,S719,4,In,S76,8,S306,23,S944,21,S608,0,S699,21,S273,11,S679,23,False
S484,Out,S343,14,S619,20,S124,19,S990,22,S677,10,S169,11,S610,24,In,S330,11,S343,6,S965,7,S84,11,S854,1,S510,17,S810,20,False
S485,Out,S347,2,S257,6,S196,1,S822,3,S335,21,S620,19,S178,17,S841,4,S633,9,In,S659,6,S881,16,S20,24,S510,21,S351,4,S622,23,False
S486,Out,S498,11,S313,0,In,S449,13,S170,11,S935,8,S934,13,False
S487,Out,S69,4,S343,12,S631,19,S481,20,In,S330,8,S672,12,S576,7,False
S488,Out,S80,15,S781,21,S179,24,S920,13,In,S295,13,True
S489,Out,S911,5,S330,24,In,S208,16,S839,16,S909,5,True
S490,Out,S659,1,S876,3,S6,0,In,S794,9,S833,12,S708,12,False
S491,Out,S509,16,S755,9,S36,8,S883,0,S556,2,S474,22,S165,11,In,S9,7,S130,21,False
S492,Out,S660,21,S55,15,S305,12,S862,19,In,S536,3,S812,24,S9,5,False
S493,Out,S918,15,S921,14,S218,20,S360,5,In,S644,20,S168,20,S687,8,S920,20,False
S494,Out,S305,0,S683,12,S712,10,S11,3,S340,16,In,S439,0,S552,11,S165,22,S87,14,False
S495,Out,S905,14,S193,1,S464,18,S466,12,S331,24,S775,11,In,S321,19,S928,15,S645,9,S211,5,False
S496,Out,S829,13,S158,2,S781,21,In,S544,19,S909,23,S548,23,False
S497,Out,S463,22,S629,13,S665,8,S643,18,In,S650,7,S736,15,S732,4,S715,8,S683,0,False
S498,Out,S395,19,S408,5,S792,23,S287,1,S302,22,S439,10,S965,9,S593,8,S331,15,S694,3,S768,17,S857,18,S203,7,S614,11,S359,24,S48,0,S865,20,S111,4,S807,12,S506,6,In,S122,10,S704,14,S768,6,S807,17,S617,9,S586,2,S315,5,S791,16,S789,19,S821,14,S486,11,S760,4,S880,3,S66,5,S667,12,S752,22,S654,24,S528,22,S401,7,S714,5,S426,10,S208,20,S86,8,S963,23,S378,4,False
S499,Out,S472,8,S137,21,S41,22,S302,5,S962,14,S435,6,In,S748,9,S815,5,S424,15,False
S500,Out,S587,22,S208,19,S574,13,S728,12,S993,16,In,S398,12,S434,18,S67,10,S908,18,S217,15,S565,6,False
S501,Out,S294,16,S169,18,S695,5,S247,3,S760,21,In,S903,1,S879,3,S768,23,S831,3,S42,17,S199,24,S622,22,False
S502,Out,S709,18,S636,4,S830,10,S827,12,In,S748,2,S58,8,S179,2,S681,6,S365,19,False
S503,Out,S584,23,S214,6,S44,16,S979,19,S406,21,In,S605,19,S838,14,S118,15,S286,21,S6,21,S641,12,S205,8,S163,20,True
S504,Out,S315,14,S585,23,S761,17,S632,12,S458,2,In,S387,12,S71,3,S394,0,S940,2,S852,3,S967,11,S100,12,S191,15,S898,4,False
S505,Out,S505,22,S888,4,S615,9,S548,17,S48,7,S123,14,In,S505,22,S218,9,S49,12,S40,21,S719,20,S297,21,S793,21,False
S506,Out,S354,15,S770,24,S913,14,S829,5,S877,13,S622,1,In,S48,16,S384,8,S76,12,S8,4,S630,10,S757,20,S498,6,False
S507,Out,S337,2,S940,1,S605,9,S411,19,S129,8,In,S936,20,S741,24,S201,19,S539,8,S145,18,S543,14,S106,3,False
S508,Out,S763,24,S711,9,S120,13,S224,7,S344,11,S963,23,S40,20,In,S175,10,S35,23,S462,5,S971,15,False
S509,Out,S755,18,S623,9,S570,21,S17,17,S551,0,S423,3,S245,5,In,S65,19,S256,19,S491,16,S434,17,S994,8,S612,0,S938,8,S406,17,False
S510,Out,S610,14,S559,16,S946,20,S461,15,S485,21,S484,17,S643,18,In,S812,18,S266,13,S652,19,False
S511,Out,S923,23,S220,24,S581,7,S708,10,S813,20,In,S112,3,S266,19,S188,23,S281,4,False
S512,Out,S208,23,S29,17,In,S361,20,S514,17,S450,11,S949,5,S903,7,False
S513,Out,S440,18,S798,24,In,S181,4,S384,19,S124,8,S77,14,S35,5,S737,0,S311,12,False
S514,Out,S512,17,In,S393,15,S1,8,S705,17,S988,13,False
S515,Out,S874,1,S549,8,S460,24,S63,11,S617,13,S200,14,S160,5,S470,19,In,S193,22,S251,14,S299,0,S890,2,False
S516,Out,S252,15,S623,18,S226,2,S563,5,In,S80,0,S427,18,S781,0,S221,5,False
S517,Out,S697,0,S248,7,S582,3,In,S321,20,S755,13,S985,12,S106,22,False
S518,Out,S565,13,S719,8,S165,1,S785,14,S738,17,In,S624,0,S54,2,S419,20,S90,14,S398,0,S471,24,False
S519,Out,S162,4,S59,11,S264,17,S11,15,In,S680,12,S981,23,S896,8,S106,6,S953,3,S83,3,S157,13,S27,17,False
S520,Out,S931,9,S384,12,S771,11,S77,0,In,S659,9,S573,11,S417,13,S552,8,S722,18,S82,9,False
S521,Out,S748,13,S291,22,S10,2,S597,19,S445,5,S28,12,In,S238,1,S14,21,S554,20,False
S522,Out,S644,2,S466,17,S980,3,S690,18,In,S241,15,S644,17,S813,6,S806,16,S437,5,S961,5,S41,14,S222,21,False
S523,Out,S433,14,S729,20,S105,9,S719,18,In,S616,4,S951,14,S398,2,S285,9,False
S524,Out,S734,23,S462,15,S175,22,S34,3,S589,24,S137,9,S555,21,S81,8,In,S571,17,S549,18,S47,10,S251,8,S853,15,S665,5,True
S525,Out,S449,12,S808,20,S13,6,S386,2,S202,13,In,S684,0,S555,0,S248,4,S440,18,S668,24,S271,4,False
S526,Out,S372,22,S473,13,S159,3,In,S719,4,S471,16,S20,6,S789,8,S362,9,S37,3,True
S527,Out,S395,19,S786,15,S368,12,S349,17,S608,9,In,S898,8,S7,11,S817,22,S845,19,S369,14,S533,10,False
S528,Out,S498,22,S940,12,S122,4,S910,3,S32,18,S350,1,S909,19,In,S302,6,S992,15,S965,17,S598,0,S996,24,False
S529,Out,S638,9,S349,17,S19,16,In,S439,21,S767,6,False
S530,Out,S536,10,S897,11,S397,4,S699,21,In,S616,3,S293,14,S893,8,S273,7,False
S531,Out,S684,9,S683,2,S243,21,In,S187,10,S457,7,S772,21,S600,12,S316,1,False
S532,Out,S465,19,S849,0,S902,13,In,S79,24,False
S533,Out,S538,0,S676,1,S527,10,In,S850,13,S991,5,False
S534,Out,S320,14,S535,18,S163,10,S291,16,S171,23,S157,21,In,S659,21,S719,11,S610,12,S408,21,False
S535,Out,S379,24,S453,7,In,S554,5,S277,10,S146,5,S534,18,S664,17,S295,9,False
S536,Out,S544,13,S597,12,S642,24,S190,10,S989,6,S991,5,S445,1,S234,0,S563,20,S492,3,S84,22,S659,19,S604,16,S199,11,In,S190,14,S600,1,S224,10,S959,20,S474,13,S279,19,S351,6,S806,10,S870,2,S378,15,S10,18,S102,11,S530,10,S790,24,S843,3,S433,11,S8,16,S748,15,S454,8,False
S537,Out,S981,7,S82,23,S961,9,S413,10,In,S900,19,S352,2,S828,15,S732,8,S838,12,False
S538,Out,S671,22,S288,15,S118,7,In,S533,0,S195,16,S676,23,S674,22,False
S539,Out,S584,22,S853,1,S628,9,S507,8,S751,24,S793,19,S209,2,In,S773,1,S46,4,S428,11,S672,21,S762,15,S156,13,S846,23,S413,19,False
S540,Out,S988,1,S321,10,S986,4,S89,21,S370,11,S142,14,S405,18,In,S652,7,S895,15,S841,10,S780,11,False
S541,Out,S38,0,S202,14,S18,12,In,S293,22,S900,15,S91,14,S778,17,S546,15,False
S542,Out,S823,6,S275,4,In,S182,3,S212,11,S37,8,False
S543,Out,S28,21,S865,18,S922,9,S211,3,S619,11,S979,8,S507,14,In,S826,7,S943,5,S238,18,S253,10,S325,14,S318,1,S715,9,False
S544,Out,S239,2,S691,9,S414,3,S97,7,S496,19,S102,17,S347,1,S230,23,S689,13,In,S645,3,S536,13,S884,13,S242,23,False
S545,Out,S240,21,S278,10,S588,13,S48,4,S752,18,S440,1,S451,8,S915,14,S250,3,In,S416,1,S860,11,S119,3,S53,7,False
S546,Out,S321,4,S206,13,S88,3,S541,15,In,S652,17,S630,5,S264,23,S724,13,S443,7,False
S547,Out,S453,23,S762,7,S95,1,S421,21,S301,14,S759,8,S930,18,S282,0,S907,11,In,S853,1,S123,12,S937,23,S211,19,S409,7,S103,23,False
S548,Out,S666,2,S813,6,S444,1,S588,4,S75,0,S496,23,In,S780,10,S214,15,S339,20,S505,17,S446,19,S26,17,False
S549,Out,S524,18,S160,19,S354,10,S429,8,S912,3,S451,20,In,S74,16,S107,11,S515,8,S594,1,S712,18,S955,18,False
S550,Out,S194,18,In,S659,19,S276,2,False
S551,Out,S165,17,S218,6,S81,11,S610,22,In,S659,7,S31,18,S509,0,S340,16,S59,19,S662,18,S120,14,S955,8,True
S552,Out,S905,12,S120,3,S520,8,S275,9,S494,11,S990,13,In,S447,17,S761,21,S2,11,S784,4,False
S553,Out,S208,24,In,S912,8,S853,5,S36,22,S723,3,False
S554,Out,S535,5,S257,6,S363,2,S521,20,S815,22,In,S661,17,S931,8,S257,13,S197,4,S665,11,S478,23,S879,4,S81,13,S349,11,False
S555,Out,S261,1,S525,0,S405,14,S270,13,In,S305,23,S387,19,S598,7,S373,5,S746,12,S524,21,S211,23,False
S556,Out,S114,5,S328,6,S93,1,In,S431,11,S823,8,S777,8,S608,5,S491,2,S910,21,S692,17,S378,22,S219,23,False
S557,Out,S659,9,S613,0,In,S968,11,S291,3,S458,1,S230,18,S84,20,False
S558,Out,S34,7,S111,3,S624,5,S742,13,In,S307,10,S101,23,S64,21,S42,1,False
S559,Out,S673,18,S359,1,S393,23,In,S104,21,S510,16,S860,24,S176,22,S209,2,False
S560,Out,S646,24,In,S851,5,S590,20,S285,1,S402,4,S132,21,S352,20,S292,21,True
S561,Out,S979,22,S189,12,S196,4,S707,3,S158,18,S947,1,In,S196,0,S323,2,S386,16,S100,20,S156,1,False
S562,Out,S659,4,S143,7,S573,0,S137,15,In,S363,4,S158,21,S381,18,S994,6,False
S563,Out,S645,17,S351,3,S185,23,S290,5,S118,11,S796,14,S879,6,In,S536,20,S623,1,S516,5,S314,10,S172,0,False
S564,Out,S349,22,S642,24,S433,23,S702,8,S629,20,In,S601,2,S65,15,False
S565,Out,S878,16,S815,13,S838,7,S37,1,S909,17,S344,0,S902,10,S500,6,In,S260,16,S862,19,S518,13,S395,5,S883,21,S750,23,False
S566,Out,S584,15,S792,14,S368,0,In,S665,12,S736,19,S606,14,False
S567,Out,S225,8,S332,5,S176,14,S807,13,S362,17,In,S148,15,S198,18,S82,16,S401,15,S982,5,S774,1,False
S568,Out,S733,2,S658,1,S159,19,S650,24,S619,23,In,S687,9,S23,12,S60,7,S447,9,S993,20,False
S569,Out,S106,13,S11,7,S945,24,S863,12,S288,11,S870,16,In,S123,21,S770,13,S837,12,S688,3,S776,14,False
S570,Out,S949,23,S590,0,S465,16,In,S574,17,S509,21,S802,19,S909,20,S248,9,S908,4,False
S571,Out,S524,17,S475,3,S987,7,S593,8,S773,12,S393,4,In,S219,7,S734,18,S286,17,S723,18,S695,17,S353,8,False
S572,Out,S377,18,S57,24,S883,9,In,S199,21,S900,17,False
S573,Out,S137,10,S520,11,S194,19,S693,9,S135,3,S139,24,S410,6,S1,2,S296,0,In,S659,5,S601,7,S562,0,S352,1,False
S574,Out,S994,6,S570,17,S758,1,S986,4,S145,18,S165,9,In,S452,0,S500,13,S697,11,S422,1,False
S575,Out,S432,24,S612,12,S819,16,S778,10,In,S301,16,S114,22,S436,2,S303,6,False
S576,Out,S749,18,S267,17,S876,1,S487,7,In,S748,7,S400,15,S152,13,S889,19,S402,2,S803,20,False
S577,Out,S751,23,S260,1,S387,2,S865,0,In,S37,0,S303,19,S244,15,S99,8,False
S578,Out,S664,11,S795,24,In,S798,9,S918,11,S814,14,S890,22,S340,5,False
S579,Out,S321,2,S303,14,S766,3,In,S51,5,S307,1,S470,8,S761,17,S395,23,False
S580,Out,S886,18,S301,10,S823,0,S22,5,S64,7,S328,15,S798,4,In,S982,0,S49,10,S132,3,False
S581,Out,S99,11,S62,10,S795,22,S783,15,In,S644,4,S744,17,S938,14,S511,7,S270,10,S652,20,S855,17,False
S582,Out,S245,22,S688,14,S628,0,S838,9,S960,4,In,S262,11,S420,17,S592,24,S839,22,S517,3,False
S583,Out,S642,4,S870,5,In,S642,0,S708,10,S388,5,S959,15,False
S584,Out,S962,6,S86,18,S407,1,S741,9,S735,19,S665,23,S956,5,S637,4,S715,17,S425,22,S867,12,S839,13,S773,21,S33,16,S442,8,S411,14,S624,15,S321,3,S618,24,S812,2,S340,10,In,S539,22,S442,24,S594,15,S975,13,S503,23,S976,19,S428,9,S815,13,S95,23,S963,8,S925,6,S73,4,S44,4,S769,11,S131,3,S566,15,S48,24,S388,18,False
S585,Out,S617,16,S831,11,S291,14,S766,17,S128,0,S727,19,S960,15,In,S593,12,S294,0,S663,11,S504,23,S182,14,False
S586,Out,S498,2,S952,23,S105,8,S957,6,S731,18,S865,1,In,S291,7,S792,12,S315,14,S810,16,S868,2,False
S587,Out,S259,17,S590,21,In,S500,22,S868,17,S949,11,S774,15,S339,0,False
S588,Out,S52,14,S852,15,S14,9,S2,4,In,S545,13,S548,4,False
S589,Out,S321,22,S617,24,S87,16,In,S524,24,S978,24,S123,5,S897,6,False
S590,Out,S864,6,S560,20,S955,21,S289,2,S641,0,S207,12,S447,16,In,S570,0,S781,8,S587,21,S948,4,False
S591,Out,S369,24,S616,4,S225,8,S860,11,S865,21,S727,19,S791,22,In,S186,2,S805,22,S339,3,S908,24,S654,7,False
S592,Out,S582,24,S118,15,S235,23,S29,22,In,S936,10,S12,20,False
S593,Out,S789,15,S585,12,S834,22,S832,0,S155,16,S984,2,In,S498,8,S984,21,S571,8,S963,15,False
S594,Out,S584,15,S549,1,S915,10,S626,24,In,S14,3,S696,0,S751,12,False
S595,Out,S156,14,S362,5,S195,24,S32,11,S472,22,S974,1,S352,13,S912,0,In,S974,12,S156,9,False
S596,Out,S215,0,S309,10,S779,15,S853,23,In,S847,17,S220,8,S250,23,S678,12,S905,19,False
S597,Out,S200,2,S927,22,S411,6,S286,14,S891,24,In,S991,16,S651,21,S901,16,S443,22,S536,12,S144,6,S183,16,S521,19,S356,4,S993,14,S922,1,S239,13,S871,10,S79,2,False
S598,Out,S555,7,S784,19,S528,0,In,S879,20,False
S599,Out,S241,7,S360,23,S227,6,S331,9,S698,10,In,S644,23,S782,5,S284,5,False
S600,Out,S281,15,S10,6,S536,1,S805,19,S778,14,S810,0,S531,12,In,S989,20,S109,11,S807,1,S369,20,S156,21,S670,6,S51,20,S924,8,False
S601,Out,S947,4,S645,20,S564,2,S766,15,S573,7,S98,11,S257,0,In,S961,20,S786,8,S401,19,S276,15,S943,7,S122,2,True
S602,Out,S308,16,S963,20,In,S0,18,S478,3,S781,15,S18,18,S330,17,S813,20,True
S603,Out,S120,8,S888,16,In,S763,16,S181,16,S450,19,False
S604,Out,S706,1,S903,4,S122,2,S405,7,S751,5,S994,18,In,S291,5,S675,1,S355,18,S449,21,S536,16,S426,23,S617,0,False
S605,Out,S503,19,S166,11,S775,7,S756,10,S884,9,S887,15,S977,22,In,S178,14,S507,9,S900,20,False
S606,Out,S270,2,S112,7,S227,16,S6,4,S566,14,In,S360,24,S971,13,S938,12,S114,24,S723,11,False
S607,Out,S881,8,S63,24,S418,16,S798,22,S258,23,S140,5,S783,14,In,S341,24,S777,16,S3,1,S695,1,S242,16,S835,23,S694,5,S86,21,False
S608,Out,S279,11,S483,0,S556,5,S627,3,In,S422,6,S326,21,S142,20,S527,9,S320,9,S622,20,False
S609,Out,S248,14,S923,23,S299,17,S881,20,In,S42,22,S905,10,S120,22,True
S610,Out,S644,17,S679,7,S287,8,S534,12,In,S231,2,S160,5,S510,14,S795,24,S236,9,S484,24,S551,22,False
S611,Out,S786,4,S42,5,In,S992,2,S359,13,S187,15,False
S612,Out,S889,14,S473,18,S444,6,S509,0,In,S978,20,S575,12,S174,24,S952,9,S161,9,S655,19,S624,21,False
S613,Out,S896,7,S676,8,S921,1,In,S353,0,S954,7,S618,15,S312,10,S252,11,S215,24,S557,0,False
S614,Out,S898,7,S155,24,S802,18,In,S498,11,S244,19,S109,16,False
S615,Out,S813,11,S188,12,S950,13,S763,22,S233,1,S690,16,In,S505,9,S218,15,S780,5,S771,8,False
S616,Out,S530,3,S523,4,S804,10,S796,7,S388,22,S330,24,In,S225,10,S591,4,S239,24,S937,18,S477,5,S713,13,S773,22,S692,10,False
S617,Out,S498,9,S604,0,S736,13,S77,6,In,S585,16,S807,18,S903,16,S589,24,S515,13,False
S618,Out,S323,21,S613,15,S196,3,S776,24,S75,10,S178,23,In,S384,9,S750,5,S584,24,S43,14,False
S619,Out,S165,7,S949,18,S719,19,S373,13,S232,22,In,S484,20,S320,18,S543,11,S661,15,S974,21,S300,10,S932,9,S131,2,S568,23,False
S620,Out,S347,9,S941,10,S809,4,In,S363,1,S323,4,S803,2,S485,19,S436,3,False
S621,Out,S751,10,S863,21,S391,13,S643,9,S963,20,S362,18,S771,4,In,S260,3,S855,9,S88,5,S878,22,False
S622,Out,S126,17,S608,20,S485,23,S501,22,In,S699,2,S425,17,S286,8,S636,24,S437,17,S971,21,S737,5,S723,6,S344,16,S506,1,False
S623,Out,S781,20,S259,2,S563,1,S111,22,S945,16,In,S509,9,S516,18,S249,11,S253,24,S899,24,False
S624,Out,S518,0,S975,11,S59,14,S143,8,S612,21,S292,5,In,S584,15,S728,3,S558,5,False
S625,Out,S691,14,S632,13,S354,24,In,S961,9,S59,18,S36,11,S428,22,False
S626,Out,S98,1,S887,15,S150,4,S159,19,S348,12,In,S637,17,S417,24,S249,1,S594,24,False
S627,Out,S695,10,S843,9,In,S933,24,S643,5,S888,24,S947,1,S608,3,True
S628,Out,S385,24,S962,2,S688,1,S419,5,S469,22,S192,3,In,S582,0,S773,10,S245,8,S539,9,S756,23,False
S629,Out,S431,9,S473,15,S194,1,S260,18,In,S240,0,S258,0,S497,13,S725,10,S124,16,S564,20,False
S630,Out,S64,0,S101,21,S546,5,S860,19,S506,10,S309,2,S164,4,S955,17,In,S321,6,S242,7,S639,20,S921,14,S48,21,False
S631,Out,S465,2,S262,11,S210,15,S211,0,In,S14,13,S751,23,S487,19,S58,10,False
S632,Out,S414,1,S393,9,S105,24,In,S625,13,S56,12,S697,3,S504,12,False
S633,Out,S934,7,S866,6,In,S20,9,S321,15,S485,9,False
S634,Out,S17,12,S930,10,In,S252,1,S415,6,S479,10,S103,20,False
S635,Out,S381,24,S640,14,S158,17,S186,8,In,S797,19,S388,16,S803,8,S184,24,S987,13,S423,18,S148,0,S375,2,S260,12,S356,19,False
S636,Out,S19,6,S820,10,S274,0,S622,24,S314,19,In,S748,13,S656,1,S502,4,S943,11,S352,15,S731,3,S925,14,S706,16,False
S637,Out,S280,3,S975,5,S626,17,In,S584,4,S63,16,S915,19,S676,18,S144,20,S150,14,False
S638,Out,S387,24,S807,22,S695,12,S965,4,In,S169,22,S529,9,S305,4,S461,23,False
S639,Out,S326,10,S947,1,S630,20,S53,5,S816,19,In,S914,22,S812,4,S740,12,False
S640,Out,S959,12,S383,16,S708,6,S349,5,In,S56,22,S635,14,S642,8,S343,9,S401,12,S317,20,S225,13,S285,4,False
S641,Out,S794,22,S152,10,S317,2,S884,19,S503,12,S469,1,S773,23,In,S332,21,S134,10,S590,0,S111,12,False
S642,Out,S730,20,S885,18,S640,8,S583,0,S957,7,S736,6,In,S59,24,S583,4,S961,2,S564,24,S536,24,S372,21,S315,21,S18,8,False
S643,Out,S903,0,S627,5,S294,3,S988,12,S345,14,S150,18,In,S387,4,S621,9,S308,20,S510,18,S143,16,S497,18,False
S644,Out,S581,4,S522,17,S846,0,S971,14,S410,1,S877,10,S435,16,S276,8,S493,20,S742,21,S795,2,S776,15,S599,23,S837,19,S113,6,S208,9,S827,18,In,S882,16,S610,17,S713,12,S915,20,S970,10,S464,24,S161,12,S153,14,S723,9,S38,2,S482,16,S22,24,S105,16,S228,16,S894,14,S202,5,S846,20,S522,2,S99,4,S659,13,S439,9,False
S645,Out,S366,0,S544,3,S928,1,S395,16,S58,6,S141,21,S495,9,S961,12,S134,23,In,S192,4,S563,17,S93,21,S961,21,S601,20,S957,22,S682,8,False
S646,Out,S208,22,S960,2,S977,18,S132,12,In,S560,24,S65,10,S993,3,S169,3,S322,21,False
S647,Out,S416,15,S419,9,S128,18,S205,16,S207,11,S64,19,In,S473,1,S130,2,S439,4,S665,15,S690,6,True
S648,Out,S187,12,S111,19,S669,15,S726,4,In,S704,15,S62,21,S666,3,S691,7,True
S649,Out,S365,16,S722,19,S69,20,S655,24,S425,10,S126,5,In,S689,19,S160,0,S365,24,S799,15,S991,9,S998,0,S441,2,S28,13,False
S650,Out,S497,7,S181,2,In,S659,14,S34,10,S568,24,S916,24,False
S651,Out,S597,21,S961,20,S326,17,S348,1,S911,9,S664,7,In,S927,6,S796,3,S349,18,S861,24,S161,5,S225,2,S199,15,S764,10,False
S652,Out,S540,7,S546,17,S173,24,S172,18,S581,20,S510,19,In,S306,5,S120,4,S47,9,S874,8,S273,10,S335,13,S405,7,False
S653,Out,S659,22,S311,14,S717,1,S73,12,In,S856,14,S242,3,S47,24,S330,13,False
S654,Out,S498,24,S426,11,S874,17,S591,7,In,S302,5,S191,24,S368,23,S838,20,S243,15,S787,6,False
S655,Out,S18,22,S850,2,S612,19,S167,12,In,S61,1,S75,10,S475,6,S649,24,S383,20,S843,9,False
S656,Out,S67,23,S636,1,S840,15,S315,4,S854,21,S362,9,In,S28,24,S466,15,S906,5,S118,16,S745,22,S127,14,False
S657,Out,S660,2,S200,5,S657,13,S205,22,S766,16,S142,1,S480,6,In,S657,13,S231,7,S813,4,False
S658,Out,S801,3,S429,18,S135,0,S409,9,In,S18,2,S842,14,S343,15,S709,0,S568,1,S37,11,False
S659,Out,S520,9,S551,7,S887,2,S899,12,S650,14,S176,10,S969,20,S534,21,S550,19,S999,22,S873,8,S661,24,S703,18,S573,5,S485,6,S783,0,S836,11,S678,23,S94,16,S828,4,S155,3,S644,13,S403,17,S959,15,In,S873,6,S490,1,S693,7,S165,11,S557,9,S137,24,S380,16,S68,21,S653,22,S993,8,S390,22,S756,17,S562,4,S811,1,S536,19,S265,13,S377,4,S183,19,S297,3,S211,20,S322,17,S26,3,S746,8,False
S660,Out,S225,15,S672,11,S132,6,S4,5,S794,10,In,S492,21,S657,2,False
S661,Out,S554,17,S441,11,S967,23,S304,9,S181,1,S619,15,S919,6,In,S659,24,S688,18,S210,11,S355,24,S269,23,False
S662,Out,S477,7,S335,14,S551,18,In,S208,9,S407,7,S702,2,True
S663,Out,S472,5,S354,7,S585,11,S870,20,In,S429,3,S466,13,S850,20,S860,10,False
S664,Out,S461,12,S278,14,S535,17,S11,20,S910,6,S340,2,In,S578,11,S264,12,S651,7,False
S665,Out,S391,13,S566,12,S79,7,S896,17,S554,11,S647,15,S524,5,S62,1,In,S584,23,S188,17,S497,8,False
S666,Out,S232,15,S648,3,In,S548,2,S48,19,S688,16,S364,14,S109,20,S382,18,False
S667,Out,S498,12,In,S682,10,S787,19,S294,6,S33,10,S341,23,S301,10,False
S668,Out,S459,8,S830,9,S525,24,S285,2,In,S748,5,S120,20,False
S669,Out,S748,22,In,S27,15,S75,16,S936,22,S648,15,False
S670,Out,S27,9,S423,21,S600,6,In,S27,20,S762,21,S131,8,False
S671,Out,S27,17,S826,14,S39,20,S768,15,S87,6,In,S538,22,S254,23,False
S672,Out,S487,12,S763,23,S783,13,S465,14,S539,21,S915,4,In,S94,15,S363,6,S181,23,S660,11,S695,23,False
S673,Out,S779,15,S375,6,In,S559,18,S923,6,S311,23,S255,14,S918,16,S395,6,S351,9,False
S674,Out,S154,12,S5,11,S538,22,In,S341,4,S431,13,S837,18,S716,21,False
S675,Out,S604,1,S457,22,S268,12,S962,10,In,S355,5,S683,22,S229,22,S682,7,S59,17,S947,19,S79,22,False
S676,Out,S538,23,S476,1,S7,20,S637,18,S237,15,In,S0,4,S67,15,S162,11,S613,8,S749,3,S533,1,False
S677,Out,S756,15,In,S941,18,S440,0,S484,10,S815,14,S11,22,S353,14,False
S678,Out,S257,13,S37,3,S858,8,S596,12,S686,11,In,S659,23,S893,22,False
S679,Out,S1,21,S208,8,S398,1,S483,23,S444,0,S326,11,In,S252,21,S610,7,S231,10,S444,20,False
S680,Out,S718,20,S282,18,S290,5,S519,12,S478,0,S470,6,S267,11,In,S922,7,S684,24,S783,4,S427,19,S90,6,False
S681,Out,S334,13,S181,12,S502,6,S967,24,In,S941,10,S350,17,S778,9,S822,22,False
S682,Out,S169,18,S933,0,S667,10,S237,14,S794,23,S415,13,S675,7,S645,8,S350,2,In,S944,15,S206,21,S299,20,S865,12,False
S683,Out,S675,22,S752,4,S695,23,S497,0,In,S16,11,S531,2,S494,12,S53,17,S735,7,S48,12,False
S684,Out,S303,22,S525,0,S16,7,S355,9,S680,24,S899,11,In,S531,9,S364,16,S873,12,False
S685,Out,S920,23,S958,9,S906,4,S58,20,In,S185,24,S9,21,S2,4,S815,17,S55,24,False
S686,Out,S887,8,S871,13,S915,20,S116,6,In,S194,3,S873,18,S798,11,S690,1,S678,11,False
S687,Out,S568,9,S447,11,S251,17,S248,3,S757,5,S116,4,S229,14,S493,8,S343,24,In,S917,20,S697,22,S263,20,S404,5,S474,22,S149,19,S98,22,False
S688,Out,S420,5,S166,6,S286,9,S666,16,S569,3,S903,23,S27,0,S661,18,In,S582,14,S407,21,S750,17,S628,1,S70,12,S839,19,S133,21,S320,19,S221,1,S255,19,S196,10,False
S689,Out,S649,19,S311,2,S254,21,S270,24,In,S311,2,S544,13,S819,5,False
S690,Out,S321,16,S414,15,S647,6,S829,4,S686,1,S423,17,In,S917,23,S283,8,S63,15,S889,11,S851,18,S301,0,S615,16,S522,18,S242,0,False
S691,Out,S192,21,S872,16,S269,17,S731,12,S648,7,In,S625,14,S544,9,S381,0,S941,22,S37,20,S828,8,S710,22,False
S692,Out,S412,2,S556,17,S367,8,S616,10,In,S304,23,S363,5,S988,17,False
S693,Out,S659,7,S978,12,In,S573,9,S53,18,False
S694,Out,S401,3,S787,16,S402,23,S289,18,S478,17,S937,21,S607,5,In,S498,3,False
S695,Out,S766,10,S607,1,S571,17,S672,23,In,S627,10,S302,9,S501,5,S638,12,S683,23,S772,9,S400,14,S460,11,S929,23,False
S696,Out,S594,0,S328,10,S984,12,S342,6,In,S465,1,S838,9,S264,22,S351,2,S958,17,False
S697,Out,S138,17,S687,22,S574,11,S632,3,S751,4,In,S475,7,S517,0,S763,0,S725,3,S411,15,S985,4,S922,18,False
S698,Out,S950,21,S432,22,S982,10,S248,20,S402,9,S859,5,S90,14,In,S418,19,S213,24,S234,18,S478,11,S599,10,False
S699,Out,S945,12,S622,2,S262,5,S385,20,S106,14,S483,21,S13,24,S286,13,In,S313,4,S481,24,S219,20,S369,4,S530,21,False
S700,Out,S908,7,S444,13,In,S816,9,S720,11,S91,3,S8,22,S823,17,S855,10,False
S701,Out,S774,4,S920,17,S20,22,S326,20,S244,16,In,S7,1,S469,0,S64,12,S351,24,S295,12,S717,22,False
S702,Out,S862,12,S662,2,In,S715,15,S271,21,S564,8,S744,8,False
S703,Out,S979,21,S328,12,S884,18,S478,11,S114,8,In,S659,18,S64,8,False
S704,Out,S498,14,S648,15,S52,12,In,S712,19,S389,15,S457,24,S802,9,S785,18,False
S705,Out,S904,10,S381,0,S325,8,S514,17,In,S305,24,False
S706,Out,S810,12,S355,14,S261,10,S752,20,S636,16,S53,23,In,S604,1,S122,23,S283,17,S873,8,False
S707,Out,S831,0,S786,8,S169,18,S320,22,In,S359,24,S561,3,False
S708,Out,S583,10,S443,22,S490,12,In,S961,4,S445,18,S239,12,S640,6,S511,10,S855,15,S394,1,S774,2,S171,2,False
S709,Out,S995,12,S743,8,S82,14,S762,22,S658,0,S901,9,S900,19,S135,10,In,S502,18,S156,15,S367,24,S743,16,S954,24,S296,9,False
S710,Out,S800,18,S219,1,S321,8,S25,0,S408,9,S691,22,In,S403,8,False
S711,Out,S724,15,S43,3,S964,14,In,S508,9,True
S712,Out,S399,14,S704,19,S844,15,S549,18,S108,2,In,S494,10,S19,22,False
S713,Out,S644,12,S616,13,In,S113,19,S244,10,S59,1,False
S714,Out,S498,5,S790,17,In,S807,9,S170,23,S103,1,S848,11,S973,17,S461,3,S888,18,S458,3,False
S715,Out,S245,7,S702,15,S280,20,S131,16,S543,9,S837,0,S497,8,In,S584,17,S795,0,False
S716,Out,S338,4,S145,5,S826,11,S248,19,S674,21,In,S216,15,S718,3,S764,2,S900,16,S843,21,S788,15,S192,16,False
S717,Out,S330,16,S717,21,S794,24,S701,22,In,S288,15,S717,21,S783,14,S251,15,S858,14,S653,1,False
S718,Out,S246,22,S716,3,S61,14,S348,20,S140,2,S68,10,In,S680,20,S211,4,S826,6,S145,1,S828,5,S239,17,False
S719,Out,S526,4,S505,20,S534,11,S839,9,In,S886,22,S292,8,S619,19,S797,13,S518,8,S881,8,S483,4,S523,18,False
S720,Out,S819,9,S700,11,S161,19,S99,23,In,S253,21,S458,4,S52,20,S419,23,S322,23,S272,20,False
S721,Out,S800,10,S858,13,S870,9,S429,21,S202,6,S348,12,In,S988,23,S258,20,False
S722,Out,S748,13,S928,1,S520,18,S808,16,S352,20,In,S206,7,S981,0,S649,19,S366,3,False
S723,Out,S644,9,S571,18,S622,6,S553,3,S606,11,S155,12,In,S62,0,S109,18,False
S724,Out,S454,23,S409,2,S64,4,S263,7,S765,19,S546,13,In,S711,15,S173,9,S42,14,S909,14,False
S725,Out,S697,3,S968,9,S629,10,In,S175,14,S916,18,S900,9,S330,24,S227,21,False
S726,Out,S340,11,S185,16,S995,7,S918,21,S859,13,S767,22,S29,5,S896,23,In,S236,17,S767,23,S342,19,S648,4,False
S727,Out,S930,3,S212,5,S727,7,S456,16,In,S926,5,S803,23,S727,7,S585,19,S272,11,S591,19,S383,13,False
S728,Out,S949,16,S272,5,S624,3,S63,18,In,S295,24,S500,12,S76,10,False
S729,Out,S295,24,S757,5,S985,6,S108,1,S249,20,S195,3,In,S864,1,S955,6,S45,19,S523,20,S82,11,S290,23,S147,7,False
S730,Out,S186,1,S422,19,S957,4,S375,10,S436,23,In,S642,20,S24,11,S185,23,S735,15,False
S731,Out,S826,23,S636,3,In,S850,2,S890,10,S474,18,S930,13,S860,15,S586,18,S691,12,S969,13,S918,19,False
S732,Out,S797,23,S732,16,S144,22,S366,19,S790,6,S79,11,S537,8,S185,15,S497,4,In,S314,5,S732,16,S366,17,S808,22,False
S733,Out,S357,14,S159,22,S462,8,S380,16,S824,12,In,S120,8,S568,2,S396,0,S168,22,S73,23,False
S734,Out,S571,18,S735,7,S974,15,S122,16,In,S483,2,S964,11,S524,23,False
S735,Out,S260,1,S44,2,S816,24,S765,14,S683,7,S730,15,S89,3,S142,0,In,S584,19,S734,7,S366,9,S353,11,False
S736,Out,S497,15,S878,2,S566,19,In,S181,2,S96,7,S935,2,S176,18,S841,21,S166,21,S642,6,S990,3,S617,13,S102,19,False
S737,Out,S217,11,S937,22,S389,12,S622,5,S513,0,In,S844,21,S307,8,False
S738,Out,S755,13,S911,8,S985,15,In,S757,21,S398,15,S906,2,S322,15,S471,6,S518,17,False
S739,Out,S265,21,S7,6,S361,3,S739,16,In,S344,13,S434,16,S739,16,S335,5,S123,13,False
S740,Out,S471,23,S998,1,S354,8,S59,21,S639,12,In,S48,6,S835,9,S997,1,S990,22,S758,1,False
S741,Out,S86,20,S507,24,S816,23,S386,15,S828,19,S0,4,S907,8,S20,10,In,S584,9,S172,18,False
S742,Out,S310,9,S882,18,S250,0,S293,14,S83,13,S61,3,In,S644,21,S558,13,False
S743,Out,S316,3,S238,18,S709,16,S362,10,S981,8,S183,2,In,S939,13,S246,10,S709,8,S58,9,S892,1,S112,22,S253,16,S847,8,False
S744,Out,S581,17,S815,15,S702,8,In,S795,4,S269,3,S319,21,False
S745,Out,S194,17,S656,22,S910,21,In,S304,14,S793,24,S128,7,S945,23,False
S746,Out,S951,9,S555,12,S659,8,In,S748,19,S132,12,S771,24,False
S747,Out,S172,17,S435,6,In,S193,10,S345,11,S328,0,False
S748,Out,S636,13,S429,20,S981,8,S746,19,S499,9,S668,5,S576,7,S502,2,S171,23,S954,0,S75,22,S367,3,S58,18,S536,15,S167,14,S917,4,S997,10,In,S998,6,S820,24,S213,0,S722,13,S951,3,S521,13,S937,14,S854,15,S318,24,S896,9,S669,22,S321,10,S782,21,False
S749,Out,S939,24,S676,3,S872,13,S875,6,S779,15,In,S82,8,S576,18,S357,20,S961,6,S266,16,False
S750,Out,S750,18,S98,6,S688,17,S618,5,S294,20,S565,23,In,S750,18,S442,0,S262,7,S991,8,S890,5,False
S751,Out,S12,20,S631,23,S594,12,In,S621,10,S773,8,S577,23,S12,21,S280,17,S539,24,S604,5,S838,4,S807,20,S62,20,S697,4,False
S752,Out,S498,22,S73,1,S197,18,In,S268,1,S706,20,S683,4,S335,6,S545,18,S52,18,True
S753,Out,S886,17,S438,21,In,S218,21,S142,8,S20,13,S117,17,S17,17,S119,9,True
S754,Out,S62,22,S202,17,S915,0,In,S111,24,S113,10,S310,21,S197,5,S311,22,S417,14,S335,19,S948,14,S258,24,S108,16,S50,2,False
S755,Out,S208,16,S517,13,S878,21,In,S774,8,S738,13,S509,18,S491,9,S151,3,S334,1,S398,24,False
S756,Out,S659,17,S399,20,S628,23,In,S677,15,S605,10,False
S757,Out,S738,21,S506,20,In,S87,13,S236,15,S729,5,S883,3,S335,12,S950,2,S687,5,S49,22,S908,6,S204,0,False
S758,Out,S949,21,S289,0,S9,23,S740,1,S311,6,In,S574,1,S257,23,S275,20,False
S759,Out,S460,10,S841,8,S804,4,In,S219,17,S547,8,False
S760,Out,S498,4,S44,5,S975,21,In,S984,10,S929,11,S501,21,S995,23,S350,20,S917,9,False
S761,Out,S159,9,S552,21,S579,17,S234,12,In,S321,7,S933,14,S404,0,S504,17,False
S762,Out,S131,1,S286,9,S539,15,S247,11,S670,21,S246,0,In,S54,15,S210,18,S547,7,S709,22,S884,0,S766,21,S360,5,S369,21,S848,6,False
S763,Out,S204,4,S479,9,S603,16,S697,0,S278,18,S949,13,In,S508,24,S47,4,S116,3,S446,7,S672,23,S615,22,S372,1,False
S764,Out,S827,20,S716,2,S191,23,S414,16,S210,18,S651,10,In,S980,1,S310,2,S288,4,S851,13,False
S765,Out,S208,6,S250,21,In,S883,19,S724,19,S735,14,S293,4,S781,16,False
S766,Out,S177,8,S831,9,S762,21,S238,1,In,S203,21,S147,4,S944,24,S695,10,S767,10,S898,14,S585,17,S601,15,S657,16,S107,1,S579,3,S402,7,True
S767,Out,S529,6,S766,10,S37,24,S459,14,S726,23,In,S408,7,S237,23,S202,21,S284,4,S726,22,S986,7,S276,0,S912,9,False
S768,Out,S498,6,S501,23,S933,18,In,S498,17,S324,14,S671,15,S147,11,S23,14,False
S769,Out,S584,11,S154,6,In,S442,4,S12,9,S212,14,False
S770,Out,S569,13,S12,21,S815,19,S980,7,S180,24,In,S337,15,S506,24,S952,16,S271,16,False
S771,Out,S343,13,S189,17,S834,1,S211,22,S398,19,S746,24,S615,8,In,S520,11,S389,3,S621,4,False
S772,Out,S167,14,S265,0,S695,9,S531,21,S153,3,S974,18,S981,6,In,S80,23,False
S773,Out,S751,8,S628,10,S539,1,S936,19,S132,15,S904,3,S459,2,S616,22,In,S584,21,S571,12,S885,6,S641,23,False
S774,Out,S755,8,S121,24,S374,12,S299,21,S587,15,S708,2,S567,1,S999,18,In,S295,0,S701,4,S905,4,S121,21,True
S775,Out,S16,24,S343,17,S450,14,In,S855,4,S605,7,S388,12,S442,14,S495,11,False
S776,Out,S197,10,S923,3,S892,17,S569,14,S895,1,S809,22,In,S644,15,S618,24,S988,5,S405,13,False
S777,Out,S607,16,S418,0,S5,17,S965,24,S556,8,S892,1,In,S889,16,S341,11,S978,8,S957,6,S354,23,False
S778,Out,S225,4,S948,7,S681,9,S541,17,In,S415,2,S600,14,S874,15,S575,10,False
S779,Out,S215,9,S168,6,S996,0,In,S673,15,S596,15,S284,18,S38,15,S749,15,S393,21,S353,6,False
S780,Out,S548,10,S950,16,S615,5,S940,15,S540,11,In,S813,21,S176,24,S70,1,S993,21,False
S781,Out,S590,8,S516,0,S993,3,S602,15,S41,5,S879,14,S765,16,In,S271,7,S488,21,S623,20,S413,3,S434,1,S496,21,S845,23,False
S782,Out,S958,3,S179,1,S748,21,S599,5,In,S285,15,False
S783,Out,S189,18,S717,14,S307,13,S680,4,S94,0,In,S659,0,S672,13,S971,20,S323,23,S581,15,S607,14,False
S784,Out,S282,8,S842,15,S951,16,S261,24,S552,4,In,S827,18,S123,23,S598,19,False
S785,Out,S789,6,S704,18,In,S346,3,S518,14,False
S786,Out,S207,13,S392,17,S601,8,S79,12,In,S611,4,S825,16,S527,15,S807,13,S707,8,S908,13,S309,14,True
S787,Out,S667,19,S654,6,In,S207,20,S808,17,S694,16,S965,21,S449,7,S237,6,S302,4,S343,3,S391,17,False
S788,Out,S990,10,S196,11,S788,23,S993,9,S716,15,S899,21,In,S902,8,S347,20,S788,23,S196,19,S212,8,False
S789,Out,S498,19,S375,17,S526,8,S385,16,In,S593,15,S785,6,S302,19,S227,1,S71,13,False
S790,Out,S536,24,In,S732,6,S380,9,S714,17,False
S791,Out,S498,16,S30,10,S188,12,S863,6,In,S834,0,S180,6,S815,0,S591,22,False
S792,Out,S291,19,S66,11,S832,4,S237,23,S586,12,In,S498,23,S566,14,S147,15,S219,21,False
S793,Out,S68,7,S745,24,S287,6,S251,5,S505,21,In,S836,24,S440,20,S539,19,S457,14,False
S794,Out,S490,9,S68,15,S866,8,S436,0,S803,13,S828,11,In,S641,22,S103,0,S717,24,S682,23,S660,10,False
S795,Out,S744,4,S254,18,S610,24,S715,0,In,S644,2,S581,22,S578,24,False
S796,Out,S25,12,S651,3,S422,7,S299,23,S951,10,In,S366,8,S616,7,S951,18,S563,14,S289,20,False
S797,Out,S635,19,S719,13,In,S732,23,S875,18,S414,22,S31,21,True
S798,Out,S578,9,S142,23,S686,11,S286,6,In,S52,13,S143,4,S607,22,S513,24,S958,15,S132,2,S580,4,True
S799,Out,S208,5,S649,15,S324,7,S907,2,S948,14,S272,19,In,S36,15,S911,0,S480,4,S972,23,S482,8,False
S800,Out,S446,15,S251,13,S231,2,S267,6,In,S721,10,S710,18,S357,21,S383,4,False
S801,Out,S333,23,S480,10,S374,11,In,S658,3,False
S802,Out,S300,21,S570,19,S29,10,S989,13,S318,15,S704,9,S845,12,In,S208,6,S614,18,S52,17,False
S803,Out,S635,8,S443,14,S727,23,S620,2,S350,21,S576,20,In,S59,20,S323,7,S794,13,S299,23,S427,11,False
S804,Out,S314,23,S805,5,S94,24,In,S616,10,S885,11,S9,11,S324,4,S922,23,S822,7,S759,4,False
S805,Out,S591,22,S420,15,S181,11,S97,18,In,S804,5,S924,20,S600,19,S974,9,S868,20,S834,1,S918,6,False
S806,Out,S536,10,S309,7,S964,3,S522,16,S396,22,In,S927,18,False
S807,Out,S832,7,S714,9,S786,13,S617,18,S498,17,S600,1,S751,20,In,S305,17,S395,24,S638,22,S498,12,S567,13,False
S808,Out,S449,6,S787,17,S903,5,S248,0,S732,22,In,S287,1,S525,20,S457,4,S204,5,S99,16,S121,20,S722,16,False
S809,Out,S459,10,S896,13,In,S129,9,S620,4,S230,21,S452,11,S776,22,S348,15,False
S810,Out,S117,22,S586,16,S336,3,S484,20,In,S706,12,S399,3,S965,3,S600,0,S323,24,S458,18,S119,2,S355,14,False
S811,Out,S659,1,S221,23,S73,13,S290,5,In,S441,19,S908,23,S55,8,S438,13,S922,8,False
S812,Out,S99,7,S510,18,S360,20,S146,13,S492,24,S639,4,In,S255,15,S250,4,S88,10,S584,2,S92,17,False
S813,Out,S780,21,S48,8,S944,11,S948,24,S657,4,S522,6,S450,7,S194,23,S602,20,In,S615,11,S548,6,S214,0,S891,1,S432,12,S48,8,S68,16,S511,20,S370,20,S63,2,S212,16,S393,10,False
S814,Out,S883,19,S578,14,S27,4,In,S208,12,S207,24,False
S815,Out,S584,13,S499,5,S791,0,S677,14,S379,15,S685,17,S940,7,In,S565,13,S770,19,S929,6,S907,20,S835,19,S554,22,S744,15,False
S816,Out,S700,9,S228,19,S223,16,S227,2,S106,17,S123,11,S251,7,S834,15,S24,18,S167,23,S969,14,In,S108,9,S741,23,S735,24,S304,2,S431,7,S639,19,False
S817,Out,S48,2,S121,4,S926,16,S527,22,In,S278,1,S289,11,S137,22,False
S818,Out,S818,23,S262,5,S465,24,S829,19,S145,7,S229,1,In,S818,23,S404,6,S965,6,S996,9,False
S819,Out,S250,0,S921,6,S368,19,S377,20,S689,5,In,S720,9,S104,7,S448,5,S908,22,S150,21,S313,5,S575,16,False
S820,Out,S748,24,S163,15,In,S636,10,S900,24,S316,19,S345,8,False
S821,Out,S498,14,In,S389,20,S399,8,S291,11,S6,20,S110,18,S240,19,False
S822,Out,S419,20,S823,9,S205,10,S934,3,S423,17,S342,2,S970,21,S804,7,S681,22,S66,0,In,S275,7,S351,15,S485,3,False
S823,Out,S556,8,S152,2,S859,14,S901,9,S700,17,In,S542,6,S884,8,S822,9,S125,1,S580,0,S135,4,False
S824,Out,S378,24,S890,10,S44,19,S50,11,In,S281,2,S733,12,S163,9,False
S825,Out,S786,16,S187,5,S880,3,S97,9,In,S261,3,S364,13,S992,21,S225,17,S55,1,S199,8,False
S826,Out,S543,7,S718,6,S415,20,S423,12,In,S731,23,S362,14,S716,11,S671,14,False
S827,Out,S784,18,S399,19,S471,1,In,S764,20,S502,12,S644,18,S946,19,False
S828,Out,S277,6,S379,16,S163,1,S537,15,S718,5,S691,8,In,S659,4,S741,19,S794,11,S105,19,False
S829,Out,S875,24,S93,0,S472,7,In,S496,13,S818,19,S690,4,S506,5,S926,7,S479,8,False
S830,Out,S206,21,S470,7,In,S502,10,S668,9,False
S831,Out,S880,14,S501,3,S47,16,In,S707,0,S766,9,S585,11,S125,17,False
S832,Out,S71,23,S141,18,S464,14,S209,17,In,S807,7,S792,4,S857,24,S593,0,S180,3,S69,12,False
S833,Out,S129,22,S195,11,S238,23,S490,12,S222,5,In,S943,8,S344,22,S163,21,False
S834,Out,S364,2,S791,0,S805,1,S114,11,In,S593,22,S771,1,S894,15,S376,23,S816,15,S29,15,False
S835,Out,S13,11,S351,12,S59,4,S740,9,S815,19,S607,23,In,S349,8,S141,23,False
S836,Out,S793,24,S103,4,S332,3,S462,2,S59,20,S856,22,In,S659,11,S899,1,False
S837,Out,S860,9,S674,18,S569,12,In,S644,19,S715,0,False
S838,Out,S126,10,S397,17,S503,14,S696,9,S654,20,S751,4,S296,23,S537,12,In,S565,7,S582,9,S131,9,False
S839,Out,S465,5,S582,22,S57,2,S342,4,S688,19,S325,18,S489,16,In,S584,13,S90,22,S719,9,S377,0,S920,4,False
S840,Out,S840,19,S293,6,S890,12,S69,23,S151,16,In,S840,19,S222,12,S410,19,S315,24,S656,15,False
S841,Out,S204,13,S540,10,S913,2,S332,4,S736,21,S895,8,S313,20,In,S483,12,S858,13,S345,19,S759,8,S76,0,S485,4,S153,2,False
S842,Out,S658,14,S22,7,S328,12,In,S308,5,S784,15,S47,14,S446,3,False
S843,Out,S536,3,S716,21,S248,24,S655,9,In,S24,23,S269,15,S627,9,False
S844,Out,S737,21,S900,10,S430,23,S243,11,S407,17,In,S943,12,S902,13,S712,15,S890,11,S152,20,S167,16,False
S845,Out,S112,8,S6,9,S99,17,S781,23,S925,1,S527,19,S439,0,In,S90,10,S860,3,S240,2,S160,22,S802,12,S222,10,S432,2,False
S846,Out,S644,20,S879,9,S59,16,S539,23,In,S644,0,S233,21,S66,9,False
S847,Out,S88,14,S893,3,S293,9,S596,17,S743,8,In,S882,20,S955,10,S76,13,False
S848,Out,S423,20,S714,11,S762,6,In,S145,24,S274,12,S962,9,S355,22,S291,14,False
S849,Out,S312,22,S453,7,S911,6,In,S34,0,S357,15,S532,0,S275,1,S447,8,False
S850,Out,S0,21,S731,2,S533,13,S663,20,S6,18,In,S216,7,S655,2,S112,14,S936,14,False
S851,Out,S560,5,S45,11,S764,13,S690,18,S187,9,S55,8,S870,17,In,S267,4,S265,19,False
S852,Out,S235,23,S301,10,S504,3,In,S218,8,S588,15,S972,19,False
S853,Out,S547,1,S210,3,S945,12,S553,5,S417,23,S524,15,In,S29,10,S337,14,S539,1,S596,23,S986,0,S895,6,False
S854,Out,S748,15,S484,1,S471,6,S2,11,In,S356,7,S953,4,S163,2,S656,21,False
S855,Out,S775,4,S170,23,S291,13,S81,1,S621,9,S708,15,S238,16,S859,20,S581,17,S937,22,S700,10,In,S449,23,S457,9,S931,11,S436,0,S309,20,S292,3,S411,2,False
S856,Out,S320,12,S653,14,S5,17,S75,9,S868,16,In,S146,2,S277,12,S293,13,S427,4,S264,17,S836,22,False
S857,Out,S294,13,S291,10,S832,24,S401,12,S405,11,S28,19,S968,9,In,S498,18,S334,9,S877,18,False
S858,Out,S841,13,S455,5,S300,8,S717,14,S230,17,S338,0,In,S909,17,S312,3,S721,13,S917,14,S678,8,False
S859,Out,S48,17,S25,5,In,S473,21,S823,14,S855,20,S698,5,S726,13,False
S860,Out,S559,24,S845,3,S406,19,S545,11,S731,15,S663,10,In,S837,9,S241,21,S41,6,S630,19,S591,11,S303,24,False
S861,Out,S161,23,S99,7,S651,24,In,S136,14,S258,6,False
S862,Out,S86,23,S565,19,S975,2,S424,8,In,S702,12,S377,24,S342,18,S75,9,S269,7,S492,19,False
S863,Out,S166,9,S123,14,S362,5,In,S621,21,S569,12,S228,2,S965,9,S791,6,False
S864,Out,S994,15,S81,12,S729,1,In,S590,6,S999,7,S991,2,False
S865,Out,S865,0,S61,1,S318,13,S338,2,S682,12,S452,6,In,S543,18,S865,0,S476,0,S498,20,S591,21,S577,0,S397,4,S586,1,False
S866,Out,S333,16,S922,9,S904,19,In,S28,21,S794,8,S318,12,S633,6,False
S867,Out,S420,3,S279,2,S460,23,In,S584,12,S126,4,S84,24,S155,24,False
S868,Out,S587,17,S805,20,S360,4,S210,11,S172,10,S586,2,In,S994,2,S354,16,S856,16,False
S869,Out,S340,3,S328,7,In,S208,2,S967,8,False
S870,Out,S536,2,S280,7,S73,3,In,S388,13,S583,5,S721,9,S663,20,S263,23,S851,17,S569,16,False
S871,Out,S134,22,S163,5,S979,2,S597,10,In,S686,13,S332,3,False
S872,Out,S443,5,S349,12,S221,10,S877,2,In,S13,2,S445,6,S691,16,S749,13,S196,21,False
S873,Out,S659,6,S334,24,S686,18,S886,13,S990,1,S684,12,S63,19,S706,8,In,S659,8,S201,12,S969,17,False
S874,Out,S454,19,S133,7,S247,9,S652,8,S778,15,S425,13,S171,12,In,S515,1,S92,2,S53,4,S51,0,S930,0,S654,17,S179,3,False
S875,Out,S433,13,S797,18,S318,7,S393,9,S13,16,In,S829,24,S93,15,S749,6,False
S876,Out,S48,5,S152,21,In,S297,22,S461,11,S63,22,S242,24,S115,22,S576,1,S490,3,False
S877,Out,S970,5,S945,13,S857,18,In,S644,10,S305,7,S506,13,S168,10,S872,2,S158,6,False
S878,Out,S210,20,S260,18,S450,2,S71,0,S621,22,In,S565,16,S736,2,S453,6,S257,5,S228,6,S917,7,S166,7,S755,21,False
S879,Out,S879,18,S501,3,S598,20,S554,4,S396,22,In,S177,15,S305,6,S879,18,S846,9,S781,14,S423,21,S563,6,False
S880,Out,S498,3,S911,19,S13,10,In,S831,14,S825,3,False
S881,Out,S327,15,S996,12,S485,16,S66,3,S480,5,S719,8,In,S607,8,S41,17,S281,24,S609,20,S997,11,False
S882,Out,S227,12,S644,16,S847,20,S108,13,S27,23,S161,14,S359,8,S378,24,In,S448,21,S742,18,S437,4,False
S883,Out,S402,0,S757,3,S17,17,S765,19,S329,18,S983,12,S192,20,S565,21,S379,2,In,S916,10,S987,24,S955,16,S814,19,S434,6,S491,0,S379,16,S982,19,S572,9,False
S884,Out,S444,20,S823,8,S301,18,S544,13,S762,0,S101,9,S303,2,S62,17,S110,23,In,S182,1,S177,6,S605,9,S703,18,S641,19,S153,17,False
S885,Out,S198,19,S373,13,S436,9,S804,11,S399,1,S773,6,In,S229,9,S642,18,S127,17,S435,13,True
S886,Out,S719,22,S996,9,S292,6,S903,14,S254,3,S281,1,S937,18,In,S580,18,S753,17,S267,11,S873,13,S290,15,S379,13,S433,13,S336,12,False
S887,Out,S257,15,S380,24,S897,8,In,S686,8,S284,6,S659,2,S626,15,S197,17,S605,15,S37,5,S176,12,False
S888,Out,S135,17,S233,12,S627,24,S986,16,S714,18,In,S174,4,S505,4,S454,7,S603,16,False
S889,Out,S5,22,S777,16,S115,9,S690,11,S576,19,In,S612,14,S244,21,S416,9,S154,7,S374,19,S190,12,False
S890,Out,S91,9,S731,10,S931,19,S844,11,S515,2,S578,22,S750,5,In,S960,5,S840,12,S824,10,S60,0,False
S891,Out,S471,13,S813,1,S292,4,S130,23,S367,14,S143,15,S45,19,In,S372,17,S319,23,S461,15,S597,24,False
S892,Out,S111,21,S743,1,In,S270,3,S776,17,S218,5,S178,12,S777,1,False
S893,Out,S90,4,S6,17,S153,2,S411,11,S678,22,S427,0,S370,10,S530,8,S1,1,In,S847,3,S946,3,False
S894,Out,S644,14,S834,15,S218,2,In,S220,7,S971,7,S62,14,True
S895,Out,S127,14,S540,15,S853,6,S954,22,In,S50,15,S175,11,S841,8,S776,1,S917,3,False
S896,Out,S748,9,S519,8,S963,23,In,S282,15,S613,7,S429,6,S809,13,S296,5,S665,17,S115,8,S322,16,S316,8,S962,10,S726,23,S983,1,False
S897,Out,S225,19,S184,10,S589,6,In,S93,10,S225,15,S959,23,S87,24,S530,11,S83,24,S887,8,S2,23,False
S898,Out,S527,8,S766,14,S356,2,S931,16,S504,4,In,S614,7,S138,6,S404,21,False
S899,Out,S993,4,S971,5,S623,24,S836,1,In,S659,12,S684,11,S788,21,False
S900,Out,S537,19,S820,24,S716,16,S725,9,S605,20,S572,17,S964,3,S904,10,S541,15,S66,18,In,S943,19,S844,10,S709,19,False
S901,Out,S597,16,In,S56,3,S326,11,S72,6,S414,16,S709,9,S823,9,S312,6,False
S902,Out,S788,8,S438,15,S844,13,In,S967,24,S412,20,S343,13,S479,4,S532,13,S565,10,False
S903,Out,S501,1,S387,11,S617,16,S136,2,S225,14,S512,7,S415,3,S417,17,In,S643,0,S604,4,S408,0,S808,5,S688,23,S886,14,S933,13,S4,23,False
S904,Out,S346,23,S920,4,In,S705,10,S387,18,S773,3,S900,10,S866,19,False
S905,Out,S609,10,S774,4,S158,5,S596,19,S182,16,In,S552,12,S495,14,S409,6,S463,19,S299,3,False
S906,Out,S283,16,S953,9,S656,5,S297,23,S738,2,S270,6,S208,21,In,S908,10,S317,21,S685,4,S304,22,False
S907,Out,S354,0,S157,14,S815,20,S276,21,S222,9,In,S48,22,S799,2,S547,11,S741,8,False
S908,Out,S953,0,S906,10,S819,22,S500,18,S811,23,S591,24,S786,13,S757,6,S60,8,S570,4,In,S91,23,S41,18,S309,17,S4,1,S700,7,False
S909,Out,S858,17,S724,14,S450,9,S570,20,S496,23,S489,5,In,S312,0,S917,13,S565,17,S483,6,S528,19,False
S910,Out,S80,3,S272,24,S300,22,S437,23,S556,21,S9,8,In,S916,14,S528,3,S664,6,S387,9,S143,11,S745,21,False
S911,Out,S966,12,S799,0,S17,6,S287,9,In,S738,8,S489,5,S880,19,S651,9,S849,6,S945,19,False
S912,Out,S553,8,S344,16,S99,11,S454,12,S427,14,S101,23,S477,0,S328,7,S974,13,S85,21,S428,20,S767,9,In,S926,17,S106,5,S595,0,S549,3,S480,11,S18,11,S197,10,S268,19,False
S913,Out,S321,10,S396,9,S985,22,In,S841,2,S977,1,S506,14,False
S914,Out,S639,22,S914,0,S229,20,S415,12,S59,9,S972,23,S384,2,In,S914,0,S31,20,S281,12,False
S915,Out,S644,20,S637,19,In,S754,0,S686,20,S672,4,S41,20,S937,13,S594,10,S545,14,False
S916,Out,S289,4,S910,14,S883,10,S725,18,S650,24,In,S208,0,False
S917,Out,S687,20,S858,14,S909,13,S690,23,S103,17,S327,4,S878,7,S319,24,S895,3,S760,9,In,S100,11,S748,4,S994,15,True
S918,Out,S673,16,S149,15,S440,18,S578,11,S731,19,S805,6,S998,9,In,S493,15,S434,20,S726,21,S406,23,S349,19,False
S919,Out,S208,16,S443,6,In,S17,24,S259,14,S661,6,S965,23,False
S920,Out,S151,21,S926,0,S920,1,S252,14,S23,9,S839,4,S493,20,In,S344,5,S685,23,S701,17,S920,1,S230,19,S904,4,S488,13,S71,5,False
S921,Out,S231,13,S960,23,S202,8,S630,14,S401,12,In,S6,15,S819,6,S493,14,S235,1,S613,1,S375,11,False
S922,Out,S308,4,S680,7,S211,0,S697,18,S804,23,S597,1,S811,8,In,S943,15,S543,9,S866,9,S980,0,False
S923,Out,S673,6,S365,24,S215,22,S164,23,S343,2,S206,16,In,S511,23,S776,3,S609,23,False
S924,Out,S805,20,S346,18,S7,5,S600,8,In,S13,8,S24,4,S268,11,False
S925,Out,S584,6,S636,14,S14,2,In,S286,20,S199,16,S385,21,S126,17,S297,24,S931,9,S991,13,S845,1,S451,9,S933,0,False
S926,Out,S727,5,S912,17,S465,20,S69,21,S237,11,S829,7,In,S295,19,S236,8,S920,0,S121,1,S817,16,S139,18,S211,11,False
S927,Out,S651,6,S144,19,S806,18,S932,7,S232,17,S426,9,In,S25,15,S597,22,S84,2,S989,10,S56,7,S445,15,S425,6,S61,19,S153,23,False
S928,Out,S384,24,S332,13,S386,6,S343,16,S495,15,In,S931,3,S343,24,S440,9,S645,1,S722,1,True
S929,Out,S815,6,S760,11,S216,19,S695,23,In,S377,7,S233,22,False
S930,Out,S324,8,S874,0,S731,13,In,S1,14,S727,3,S997,0,S634,10,S547,18,S185,6,False
S931,Out,S928,3,S993,19,S554,8,S968,7,S284,2,S925,9,S855,11,S973,15,S170,17,In,S520,9,S343,1,S15,3,S890,19,S898,16,False
S932,Out,S205,1,S119,24,S284,5,S331,11,S619,9,In,S48,10,S965,13,S927,7,False
S933,Out,S627,24,S761,14,S903,13,S222,16,S925,0,In,S682,0,S376,10,S768,18,S981,19,S29,20,False
S934,Out,S341,23,S244,3,S143,1,S461,8,S486,13,S979,18,S421,15,S203,6,In,S633,7,S143,9,S275,15,S822,3,S28,16,False
S935,Out,S463,1,S736,2,S417,11,S486,8,S90,3,S264,16,S380,19,In,S990,5,S347,11,S358,22,False
S936,Out,S592,10,S421,13,S507,20,S391,15,S11,23,S481,19,S669,22,S850,14,In,S391,2,S342,14,S773,19,S359,6,S195,23,False
S937,Out,S748,14,S616,18,S547,23,S290,3,S99,8,S915,13,S382,16,In,S217,17,S737,22,S255,16,S302,1,S694,21,S855,22,S373,0,S886,18,False
S938,Out,S311,22,S233,11,S581,14,S606,12,S105,21,S202,2,S141,13,S509,8,S7,17,In,S215,14,S957,19,False
S939,Out,S743,13,S106,1,S468,22,S166,10,S351,23,In,S749,24,S82,15,S368,19,S138,21,False
S940,Out,S262,13,S54,3,S504,2,S421,1,S141,15,In,S507,1,S405,2,S528,12,S780,15,S434,22,S815,7,False
S941,Out,S677,18,S681,10,S983,13,S691,22,S374,0,In,S31,3,S620,10,False
S942,Out,S48,16,S65,24,In,S432,4,S176,11,False
S943,Out,S900,19,S844,12,S28,14,S995,0,S922,15,S636,11,S833,8,S543,5,S102,6,S74,17,S601,7,In,S333,1,S72,4,S247,11,False
S944,Out,S682,15,S766,24,S122,1,S483,21,S173,22,In,S992,13,S204,16,S813,11,S252,18,S338,12,S95,1,S343,8,False
S945,Out,S322,21,S328,9,S745,23,S82,0,S911,19,In,S699,12,S569,24,S853,12,S391,16,S877,13,S10,16,S623,16,False
S946,Out,S893,3,S164,12,S405,13,S827,19,In,S111,22,S88,12,S510,20,S84,23,S468,21,False
S947,Out,S184,6,S415,12,S675,19,S627,1,S453,17,In,S601,4,S639,1,S561,1,False
S948,Out,S966,11,S36,15,S590,4,S754,14,In,S230,23,S52,21,S813,24,S778,7,S799,14,S992,4,S389,9,False
S949,Out,S81,10,S587,11,S144,16,S512,5,In,S570,23,S758,21,S728,16,S997,2,S619,18,S387,1,S763,13,False
S950,Out,S85,15,S339,0,S757,2,S367,8,S29,1,S404,14,S50,9,In,S780,16,S89,16,S698,21,S615,13,S453,16,S3,21,S303,9,False
S951,Out,S748,3,S796,18,S523,14,In,S746,9,S784,16,S796,10,False
S952,Out,S40,11,S432,21,S298,20,S157,8,S612,9,S282,24,S770,16,In,S48,20,S586,23,S55,18,False
S953,Out,S26,2,S255,23,S854,4,S519,3,In,S908,0,S26,22,S906,9,False
S954,Out,S709,24,S613,7,S50,21,S184,14,In,S748,0,S895,22,S194,11,False
S955,Out,S883,16,S273,21,S729,6,S398,11,S847,10,S549,18,S551,8,S480,0,S375,17,In,S977,16,S590,21,S434,2,S394,18,S461,2,S630,17,False
S956,Out,S178,17,S459,22,S970,21,S236,9,S405,4,In,S584,5,S353,16,S171,4,False
S957,Out,S645,22,S92,14,S98,18,S938,19,S777,6,In,S730,4,S642,7,S586,6,S448,10,S33,8,S410,16,False
S958,Out,S295,14,S798,15,S696,17,In,S997,12,S249,6,S782,3,S685,9,S994,0,S374,20,S961,7,False
S959,Out,S536,20,S897,23,S111,3,S171,19,S583,15,In,S640,12,S388,2,S659,15,S365,13,False
S960,Out,S890,5,S255,4,S317,0,S979,16,In,S227,8,S921,23,S646,2,S582,4,S24,2,S585,15,False
S961,Out,S708,4,S601,20,S642,2,S625,9,S645,21,S749,6,S522,5,S958,7,In,S97,8,S651,20,S72,3,S537,9,S645,12,False
S962,Out,S976,11,S848,9,S476,2,S12,7,S896,10,In,S57,14,S584,6,S628,2,S675,10,S499,14,False
S963,Out,S584,8,S165,11,S160,16,S498,23,S593,15,In,S328,22,S621,20,S896,23,S252,17,S602,20,S116,6,S508,23,S471,11,False
S964,Out,S734,11,S335,4,S33,19,In,S321,23,S806,3,S900,3,S711,14,S129,22,False
S965,Out,S787,21,S810,3,S528,17,S932,13,S484,7,S427,8,S863,9,S818,6,S996,14,S431,16,S919,23,In,S498,9,S777,24,S638,4,False
S966,Out,S259,14,S6,15,S161,9,In,S469,14,S948,11,S911,12,S80,11,False
S967,Out,S902,24,S869,8,S142,13,S504,11,In,S661,23,S194,9,S325,23,S681,24,False
S968,Out,S141,0,S557,11,In,S931,7,S83,1,S308,3,S725,9,S857,9,False
S969,Out,S990,23,S284,0,S412,20,S104,19,S731,13,S873,17,In,S659,20,S816,14,False
S970,Out,S644,10,S98,13,S83,0,In,S877,5,S12,15,S822,21,S303,23,S956,21,False
S971,Out,S606,13,S310,16,S894,7,S622,21,S61,24,S783,20,S508,15,In,S644,14,S899,5,S341,2,False
S972,Out,S216,14,S162,4,S217,3,S92,0,S799,23,S5,2,S852,19,In,S980,2,S119,22,S914,23,S206,3,False
S973,Out,S321,15,S714,17,In,S247,23,S931,15,False
S974,Out,S595,12,S356,1,S216,17,S213,22,S805,9,S340,0,S619,21,In,S595,1,S483,19,S912,13,S772,18,S734,15,False
S975,Out,S584,13,In,S637,5,S624,11,S862,2,S242,2,S36,16,S760,21,S93,7,False
S976,Out,S584,19,S257,11,In,S962,11,S454,9,True
S977,Out,S955,16,S36,9,S340,8,S477,12,S913,1,S310,20,S94,18,In,S208,24,S275,3,S646,18,S605,22,False
S978,Out,S612,20,S777,8,S436,9,S589,24,In,S48,11,S222,5,S693,12,S381,10,False
S979,Out,S196,12,S330,8,S475,4,S116,14,In,S703,21,S69,8,S561,22,S871,2,S934,18,S58,1,S503,19,S543,8,S466,8,S197,2,S960,16,False
S980,Out,S972,2,S764,1,S998,19,S922,0,In,S367,19,S238,16,S27,3,S770,7,S522,3,False
S981,Out,S519,23,S722,0,S933,19,In,S537,7,S171,3,S748,8,S743,8,S295,11,S772,6,False
S982,Out,S580,0,S567,5,S883,19,S99,10,In,S698,10,S382,10,S260,5,False
S983,Out,S110,23,S896,1,In,S941,13,S463,11,S883,12,S338,9,False
S984,Out,S364,12,S760,10,S346,11,S593,21,S301,1,In,S305,9,S696,12,S593,2,False
S985,Out,S452,15,S87,7,S697,4,S517,12,S193,22,In,S729,6,S452,18,S738,15,S408,15,S913,22,S182,0,False
S986,Out,S321,8,S853,0,S994,9,S767,7,In,S312,14,S540,4,S993,6,S479,6,S888,16,S188,22,S574,4,False
S987,Out,S7,0,S883,24,S179,16,S635,13,In,S285,7,S36,5,S571,7,False
S988,Out,S721,23,S155,4,S28,20,S167,7,S425,9,S776,5,S692,17,S327,0,S514,13,In,S540,1,S219,2,S400,9,S127,1,S81,9,S643,12,S24,15,False
S989,Out,S56,9,S600,20,S927,10,S234,13,In,S536,6,S802,13,S996,23,False
S990,Out,S284,24,S77,7,S935,5,S200,4,S736,3,S740,22,S459,1,In,S969,23,S463,0,S788,10,S484,22,S288,24,S873,1,S552,13,S431,8,S396,6,False
S991,Out,S13,23,S597,16,S269,4,S381,1,S925,13,S533,5,S649,9,S750,8,S864,2,In,S536,5,S244,24,False
S992,Out,S944,13,S611,2,S528,15,S825,21,S948,4,In,S243,2,S103,3,S80,21,False
S993,Out,S659,8,S425,11,S986,6,S646,3,S568,20,S346,23,S597,14,S453,17,S780,21,In,S69,17,S931,19,S412,19,S320,17,S899,4,S788,9,S781,3,S223,17,S500,16,S462,9,S108,18,False
S994,Out,S868,2,S509,8,S958,0,S276,19,S562,6,S917,15,In,S574,6,S864,15,S986,9,S604,18,S434,0,False
S995,Out,S329,7,S211,13,S760,23,S465,3,In,S709,12,S943,0,S429,8,S726,7,S20,22,False
S996,Out,S48,16,S989,23,S528,24,S818,9,S306,5,In,S416,14,S881,12,S886,9,S461,9,S965,14,S779,0,False
S997,Out,S958,12,S930,0,S949,2,S740,1,S881,11,In,S208,14,S271,0,S748,10,False
S998,Out,S748,6,S649,0,In,S980,19,S740,1,S433,24,S918,9,False
S999,Out,S417,2,S274,4,S864,7,In,S659,22,S774,18,False
