S0,Out,S724,1,S212,7,S675,17,S105,15,In,S596,1,S573,10,S823,0,S220,19,S316,14,S663,22,False
S1,Out,S871,18,S865,10,S87,1,S243,7,In,S249,8,S857,17,S672,10,S982,12,S645,8,False
S2,Out,S137,19,S838,5,S618,16,S778,22,S955,3,S821,13,S223,11,S244,15,S382,4,In,S721,3,S463,3,False
S3,Out,S720,2,S174,14,S412,19,S721,15,S211,21,S136,22,In,S778,17,S968,17,S258,8,False
S4,Out,S747,4,S389,0,S4,24,In,S541,8,S109,21,S4,24,False
S5,Out,S997,9,S585,20,S161,22,S426,2,S640,19,S486,8,In,S532,19,S956,19,S265,7,S147,2,False
S6,Out,S921,22,S261,1,S861,21,S866,3,In,S926,23,S231,13,S247,6,S227,5,True
S7,Out,S101,18,S599,13,S32,21,S312,4,S894,3,S517,0,In,S443,18,S451,21,S446,11,S903,16,S315,10,S370,16,False
S8,Out,S760,12,S864,3,S792,2,S428,4,S705,13,S134,0,S378,15,S712,18,S727,10,S229,1,S957,17,S275,9,S364,19,In,S206,0,S205,18,S473,14,False
S9,Out,S960,9,S747,12,S420,5,S983,17,S400,18,S240,4,In,S311,14,S940,2,S655,23,S993,14,False
S10,Out,S739,0,S563,18,S921,7,S351,4,S733,20,S473,24,S518,17,In,S923,20,S834,5,S811,16,S676,2,S612,11,False
S11,Out,S621,9,S711,14,S475,23,In,S252,20,S878,6,S670,14,S472,22,S594,19,False
S12,Out,S521,11,S72,8,S510,5,S957,10,S448,16,S482,0,In,S860,10,S199,13,S378,19,S41,16,False
S13,Out,In,S660,20,S475,3,S885,2,S694,12,False
S14,Out,S308,14,S257,9,S729,13,In,S719,10,S938,7,S681,22,S133,10,S426,7,S45,8,S300,23,S639,13,False
S15,Out,S272,7,S652,2,S738,21,S918,8,S225,16,S999,11,S17,12,In,S856,8,S556,8,S158,18,S378,0,False
S16,Out,S590,4,S137,1,S413,10,In,S756,0,S184,22,S212,16,S999,1,S349,16,S431,13,S317,11,False
S17,Out,S147,1,S272,16,S875,4,S43,3,In,S372,3,S965,22,S147,22,S610,19,S43,15,S15,12,False
S18,Out,S757,5,S22,10,S899,4,S690,0,S643,3,S59,1,S726,11,In,S443,21,S718,8,False
S19,Out,S566,1,S594,16,S946,0,In,S963,20,S755,20,S557,7,S777,21,S57,14,S437,3,S414,7,False
S20,Out,S600,3,S327,22,S117,19,In,S458,11,S335,3,S947,4,S809,14,S377,20,S181,22,S853,0,S970,16,False
S21,Out,S97,3,S908,12,S897,2,S650,10,S944,7,S701,21,S484,17,In,S159,15,S362,7,S260,7,S361,24,S532,7,S561,14,S78,0,S144,11,False
S22,Out,S355,17,S787,19,S168,15,S258,8,S407,23,S460,3,S409,4,S676,11,S189,7,S642,5,S177,12,In,S47,14,S18,10,S165,16,S683,10,S235,0,S686,11,False
S23,Out,S942,6,S410,5,S573,16,S65,11,S382,2,In,S587,7,S665,20,S978,12,S232,0,S41,19,S285,4,S692,16,S123,18,True
S24,Out,S559,12,S580,16,S142,20,S963,5,S230,13,S132,17,In,S602,20,S384,21,S315,16,S239,18,S461,5,False
S25,Out,S302,15,In,S931,7,S692,20,S978,14,S27,9,S998,1,False
S26,Out,S451,13,S30,21,S612,23,S358,17,S247,15,S145,14,S776,3,In,S938,15,S565,16,S551,0,S144,4,False
S27,Out,S245,14,S938,6,S826,0,S25,9,S856,3,S288,22,S936,12,S184,10,S928,1,In,S949,10,S216,10,S796,4,S628,20,S627,11,S994,14,S460,8,S400,17,S319,23,S903,7,False
S28,Out,S808,22,S314,6,S525,13,S746,14,S615,0,S329,23,S437,10,S620,20,In,S647,3,S451,23,S845,24,False
S29,Out,S514,4,S595,16,S268,8,S271,17,In,S771,24,S608,1,S921,5,S371,1,S428,12,False
S30,Out,S136,6,In,S26,21,S776,3,S610,20,S444,15,False
S31,Out,S629,21,S501,13,S41,1,S221,0,In,S887,2,S889,0,S503,17,S589,11,False
S32,Out,S426,9,S231,6,In,S874,24,S681,4,S947,20,S859,7,S790,19,S7,21,False
S33,Out,S123,4,S704,13,S249,15,S683,11,S893,14,S714,6,S420,5,S220,9,In,S700,11,S656,3,S162,7,S596,15,S37,1,S114,21,False
S34,Out,S970,21,S993,3,S787,4,S269,16,S182,17,In,S243,12,S389,8,S398,5,S929,23,S630,19,S669,0,S476,17,S140,5,S648,0,False
S35,Out,S865,18,S720,23,S476,22,S658,24,S746,11,S112,0,S600,17,S606,5,In,S976,17,S443,17,S424,14,S483,4,False
S36,Out,S143,19,S615,15,S813,4,In,S474,14,S984,17,S472,17,S692,14,S358,13,False
S37,Out,S811,15,S145,16,S520,21,S611,12,S33,1,S643,9,In,S915,24,S917,15,False
S38,Out,S839,24,S859,17,In,S513,1,S208,24,S350,5,S517,19,S565,6,S918,22,False
S39,Out,S971,3,S807,7,S505,17,S560,22,S629,15,S588,6,S768,8,S349,12,S819,9,S727,19,S64,13,In,S41,5,S861,17,S991,5,S597,9,S920,18,False
S40,Out,S501,14,S711,8,S125,2,S803,23,S74,3,S331,10,S93,9,S192,22,In,S49,24,True
S41,Out,S931,13,S39,5,S117,3,S241,8,S23,19,S12,16,S454,15,S976,18,S684,24,In,S952,4,S270,4,S932,22,S31,1,S839,11,False
S42,Out,S697,20,S639,7,S480,1,S775,14,S73,2,S66,3,S410,19,In,S110,5,S224,14,S458,24,S995,6,S51,6,S945,0,False
S43,Out,S972,23,S728,7,S860,17,S602,22,S811,3,S17,15,S50,10,In,S351,0,S547,17,S737,19,S229,2,S17,3,S358,0,False
S44,Out,S259,6,S72,4,S404,9,S997,20,S752,18,In,S815,0,S824,1,S623,3,False
S45,Out,S97,15,S14,8,S675,10,In,S89,10,S220,5,S186,11,S352,8,S247,1,False
S46,Out,S348,5,S714,12,S906,10,S836,1,S79,18,S490,15,S995,9,S618,24,S956,23,In,S279,12,S801,6,S783,10,False
S47,Out,S149,3,S22,14,S213,8,S929,6,S394,23,In,S50,3,S240,15,S780,18,S467,5,False
S48,Out,S52,8,S909,7,S689,11,In,S944,21,S233,7,S515,24,False
S49,Out,S593,7,S147,8,S290,13,S40,24,S781,0,S397,16,S512,15,In,S631,8,S280,13,False
S50,Out,S560,11,S47,3,S878,14,S81,16,S413,17,S504,19,S129,24,S723,8,S303,20,S488,6,In,S243,1,S796,12,S879,19,S813,6,S219,12,S43,10,S633,9,False
S51,Out,S852,9,S641,7,S773,22,S42,6,S678,2,S741,17,In,S272,24,S251,3,S372,6,S155,17,False
S52,Out,S692,7,S472,4,S231,19,S606,18,S682,20,In,S48,8,S166,2,S375,9,S428,18,S84,23,True
S53,Out,S629,3,S105,20,S311,21,S768,24,S972,0,In,S903,9,S349,8,S761,16,S789,19,S769,3,S418,16,False
S54,Out,S748,12,S533,21,S378,9,S569,5,In,S571,8,S254,23,S675,20,S170,15,S259,4,S702,3,S823,6,S162,11,S532,22,S538,1,False
S55,Out,S282,12,S229,19,S418,10,In,S851,13,S480,14,S405,21,S288,23,S268,12,False
S56,Out,S849,7,S88,5,S666,13,S720,9,In,S751,3,S398,17,S463,23,S193,17,S174,1,False
S57,Out,S351,5,S478,0,S249,7,S686,21,S215,13,S19,14,S809,10,S387,2,In,S163,14,S898,24,S200,4,S593,7,S683,11,False
S58,Out,S219,11,S266,2,S782,3,S285,4,S350,23,S918,15,In,S462,17,S452,21,S772,0,S779,9,False
S59,Out,S503,19,S690,22,S547,10,S381,18,S355,20,In,S258,18,S325,5,S488,4,S633,23,S18,1,S790,11,False
S60,Out,S389,4,In,S707,11,S678,7,False
S61,Out,S510,16,S896,6,In,S370,6,S657,20,False
S62,Out,S371,0,S311,3,S204,5,S288,12,S509,14,S228,2,S877,17,In,S288,22,S726,10,S467,9,S587,21,False
S63,Out,S717,9,S482,19,S525,24,S528,17,In,S382,22,S956,18,S926,21,S366,20,S986,18,False
S64,Out,S352,23,S90,4,S624,11,S819,19,In,S65,1,S359,16,S204,2,S39,13,False
S65,Out,S158,8,S64,1,S652,2,S796,5,S88,16,S831,10,S736,22,In,S81,2,S965,10,S988,11,S23,11,S461,24,S972,22,S891,13,False
S66,Out,S338,8,S190,18,S77,7,S390,0,S632,6,S770,3,In,S453,12,S890,5,S42,3,False
S67,Out,S598,20,S254,18,S487,0,In,S690,15,False
S68,Out,S823,23,S958,7,In,S864,11,S822,15,S573,19,S298,21,S178,21,S842,19,S835,2,S649,1,S341,13,S296,10,False
S69,Out,S442,4,S542,1,S545,17,S659,12,In,S209,11,S496,16,S237,20,S591,4,S493,16,S610,23,True
S70,Out,S226,17,S80,23,S508,21,S979,22,S927,4,In,S492,10,S246,15,S185,2,S109,3,S789,20,False
S71,Out,S751,9,S422,6,S285,13,S903,4,S687,8,S101,18,In,S165,17,S768,24,S737,9,S941,20,S718,2,S587,16,True
S72,Out,S324,13,S84,19,S890,3,S972,17,In,S528,13,S44,4,S12,8,S111,12,S81,18,S281,13,False
S73,Out,S580,2,S823,6,S79,15,S423,20,In,S711,9,S329,21,S185,14,S42,2,S712,19,False
S74,Out,S402,2,S561,13,S993,6,S906,9,S114,12,S911,10,In,S485,5,S712,2,S537,0,S697,3,S133,24,S262,10,S40,3,False
S75,Out,S675,21,S562,2,S527,23,S612,16,S799,24,S851,11,S254,20,S232,0,In,S977,11,S270,19,S741,4,S207,21,S76,23,S962,9,False
S76,Out,S916,2,S104,6,S666,7,S742,11,S75,23,In,S480,19,S326,18,S96,7,S604,0,False
S77,Out,S208,10,S580,4,S599,23,S290,0,In,S280,5,S66,7,S699,17,False
S78,Out,S357,3,S944,15,S21,0,S386,11,In,S474,13,S419,16,False
S79,Out,S835,24,In,S901,4,S323,18,S46,18,S656,24,S182,19,S614,23,S317,24,S73,15,S929,8,S407,12,False
S80,Out,S410,5,S658,10,In,S690,6,S982,3,S593,20,S143,1,S918,16,S70,23,S513,11,S550,18,False
S81,Out,S65,2,S229,6,S228,10,S303,19,S72,18,S485,22,In,S50,16,S675,8,S538,13,S469,13,S570,17,S163,22,S303,21,False
S82,Out,S111,3,S802,2,S455,19,S86,16,S789,23,S869,5,S935,7,In,S96,9,S836,17,S185,15,S786,3,False
S83,Out,S876,22,S846,8,S610,24,S753,18,S946,6,S628,0,S821,19,In,S243,4,S686,22,S107,22,S885,18,False
S84,Out,S373,14,S192,0,S658,13,S599,4,S491,24,S52,23,In,S770,0,S704,10,S72,19,S852,9,S742,7,S928,9,S301,4,S278,16,S559,13,False
S85,Out,S698,13,S492,21,S369,12,S539,3,S633,19,In,S693,7,S894,8,False
S86,Out,S493,16,S880,17,S832,8,S367,12,S252,4,In,S155,22,S577,16,S468,14,S82,16,False
S87,Out,S207,14,S668,20,In,S739,14,S250,18,S1,1,S944,22,False
S88,Out,S193,6,S897,4,In,S304,5,S804,8,S110,6,S871,7,S56,5,S119,0,S115,8,S708,11,S220,11,S65,16,S616,5,S191,17,False
S89,Out,S45,10,S966,24,S640,8,In,S986,12,S754,4,S579,14,S268,24,S558,16,S663,20,S633,5,S365,10,S368,15,False
S90,Out,S494,2,S600,11,S119,24,In,S745,21,S64,4,S243,23,S802,20,False
S91,Out,S738,11,S495,21,S440,4,In,S821,15,S678,21,S963,13,False
S92,Out,S877,24,S916,8,S147,22,S527,6,S577,7,S936,18,In,S319,18,S224,22,S537,13,S716,1,S148,12,False
S93,Out,S695,5,S362,13,S335,23,S241,17,S470,0,S366,3,S714,20,In,S713,3,S220,23,S943,2,S784,10,S40,9,S608,6,False
S94,Out,S930,10,S946,1,S674,13,S889,20,S378,19,S133,23,S464,4,S986,17,S533,12,S589,15,S452,22,In,S690,10,S907,19,S159,0,S720,20,S723,3,S244,16,False
S95,Out,S427,14,S863,5,In,S653,20,S861,7,S812,11,S455,21,False
S96,Out,S140,21,S82,9,S470,13,S632,10,S76,7,S346,19,S350,6,S645,1,In,S532,12,S815,22,S939,12,S623,6,S619,20,False
S97,Out,S201,4,S960,6,S237,10,S529,5,In,S21,3,S45,15,S811,22,S669,18,S470,3,False
S98,Out,S415,8,S576,2,In,S998,3,S306,3,S377,4,S157,6,S772,20,False
S99,Out,S153,3,S756,9,S479,8,In,S246,7,S799,1,S721,12,S317,18,S263,21,S577,4,S803,7,S974,18,S683,15,False
S100,Out,S900,7,S843,4,S122,2,S538,18,S479,13,S613,17,S836,6,S589,15,In,S409,24,S629,0,S870,13,S257,23,S644,11,S171,22,False
S101,Out,S924,17,S425,12,S149,18,S680,10,In,S460,13,S7,18,S471,24,S210,11,S119,5,S71,18,False
S102,Out,S646,3,S450,16,S960,20,S475,24,S381,5,S816,22,S567,2,S888,15,In,S901,16,S272,2,S145,23,S869,11,S471,20,False
S103,Out,S986,0,S859,10,S439,14,In,S674,13,S490,4,S371,23,False
S104,Out,S843,4,S621,5,In,S643,15,S76,6,S535,17,S997,7,S418,14,False
S105,Out,S511,22,S646,9,S373,24,In,S109,10,S260,24,S0,15,S249,10,S53,20,S485,19,False
S106,Out,S252,2,S777,13,S360,3,S594,24,S188,1,S782,6,S917,16,S527,21,In,S825,22,S955,2,S973,14,False
S107,Out,S720,13,S279,19,S551,21,S83,22,S373,12,In,S871,8,S444,23,S241,13,False
S108,Out,S861,7,In,S407,24,S899,3,S836,15,S536,3,S975,5,False
S109,Out,S105,10,S185,18,S755,15,S4,21,S835,1,S313,17,S424,7,S70,3,S790,2,S594,9,In,S323,7,S543,8,S303,15,S955,23,S422,3,S566,2,False
S110,Out,S823,19,S42,5,S487,18,S484,0,S88,6,S794,22,S973,17,In,S486,16,S185,7,S120,2,S149,12,S926,13,False
S111,Out,S362,0,S992,11,S963,14,S148,22,S253,20,S920,1,S72,12,S663,3,S592,15,S655,4,In,S510,11,S358,19,S82,3,S931,20,S620,12,S786,9,False
S112,Out,S849,10,S194,21,S240,12,In,S768,9,S724,5,S607,0,S344,12,S551,8,S35,0,S188,22,S625,10,False
S113,Out,S255,22,S797,21,S241,3,S133,17,In,S116,11,S924,18,S633,11,S514,9,S984,5,S601,18,S196,10,False
S114,Out,S662,1,S267,3,S33,21,S215,12,In,S932,0,S592,13,S944,19,S249,13,S74,12,S508,19,True
S115,Out,S199,6,S516,2,S186,17,S353,3,S88,8,S422,10,S867,18,S625,1,In,S952,12,S537,9,S280,0,S643,7,False
S116,Out,S113,11,S312,7,S250,5,S237,6,In,S940,20,S836,16,S556,9,S773,6,S777,14,False
S117,Out,S469,16,S920,22,S737,8,S383,1,S156,4,S346,7,In,S932,21,S41,3,S866,24,S264,16,S391,8,S611,10,S173,17,S20,19,S370,17,False
S118,Out,S283,20,S847,2,S268,18,S785,6,S554,16,In,S676,3,S494,15,S588,12,S315,4,S584,20,S626,18,False
S119,Out,S88,0,S101,5,S765,14,In,S830,9,S149,21,S822,17,S299,16,S90,24,S670,18,False
S120,Out,S642,0,S110,2,In,S970,3,S447,16,S520,22,S434,9,False
S121,Out,S340,22,S220,17,S243,2,S889,3,S474,5,S770,6,In,S498,23,S616,16,True
S122,Out,S402,13,S684,11,In,S448,18,S712,21,S100,2,S820,11,S476,3,S365,0,S953,5,False
S123,Out,S303,4,S490,9,S317,22,S742,17,S703,3,S23,18,In,S996,21,S33,4,S294,11,S831,9,False
S124,Out,S390,5,S542,3,In,S934,8,S786,17,S917,20,S440,22,S743,12,S438,6,False
S125,Out,S641,5,In,S573,17,S690,4,S976,6,S40,2,S814,1,S657,7,False
S126,Out,S913,11,S353,5,S780,9,S380,10,S502,22,S559,19,In,S760,19,S613,21,False
S127,Out,S861,7,S891,24,S219,23,S975,8,S379,17,S551,0,In,S420,17,S825,23,S996,18,S220,0,S368,11,S795,22,False
S128,Out,S192,13,In,S275,22,S183,7,False
S129,Out,S761,11,S867,22,S246,1,S161,18,In,S50,24,S785,4,S643,8,S453,20,False
S130,Out,S772,16,S557,12,S649,3,In,S897,22,S680,4,False
S131,Out,S228,3,S425,7,S954,24,S319,2,S812,15,S289,0,S808,19,In,S922,23,S568,0,S959,12,S284,3,False
S132,Out,S705,13,S164,1,In,S206,3,S329,17,S726,16,S24,17,False
S133,Out,S593,6,S14,10,S543,3,S843,2,S509,0,S74,24,In,S976,20,S94,23,S810,2,S113,17,False
S134,Out,S308,13,S561,14,S636,2,S597,17,S935,16,In,S8,0,S840,13,S895,18,False
S135,Out,S177,12,S784,11,S149,5,S607,0,In,S980,1,S766,24,S775,2,S656,4,S971,16,False
S136,Out,S406,0,S731,23,S180,6,In,S602,10,S856,18,S236,14,S400,16,S240,3,S30,6,S3,22,S305,21,S235,16,False
S137,Out,S186,7,S697,4,S742,17,S869,1,S347,6,S552,13,In,S2,19,S977,1,S16,1,S755,22,S918,18,False
S138,Out,S195,7,S208,19,S899,17,S388,23,S952,16,In,S993,23,S854,23,S676,13,S277,23,False
S139,Out,S703,5,S628,14,S410,4,S422,9,S598,3,S724,0,In,S712,15,S949,3,S311,11,S624,8,False
S140,Out,S894,1,S706,0,S841,7,S947,20,S805,16,S891,3,S34,5,S232,11,In,S96,21,S834,19,S772,18,False
S141,Out,S577,8,S761,10,S296,14,S535,16,In,S864,3,S512,5,S292,0,S302,10,False
S142,Out,S307,19,In,S456,13,S159,21,S24,20,S186,2,S464,19,False
S143,Out,S80,1,S315,19,S409,10,S160,12,S251,16,S452,24,In,S36,19,S242,7,S447,15,False
S144,Out,S510,21,S247,18,S26,4,S21,11,In,S989,15,S984,9,False
S145,Out,S514,5,S102,23,S459,7,S358,12,S983,8,S932,19,In,S319,17,S263,0,S37,16,S26,14,False
S146,Out,S295,7,S231,8,S377,12,S531,2,S512,24,S682,14,S877,23,In,S485,13,S492,12,S645,9,False
S147,Out,S180,1,S630,19,S825,24,S429,21,S576,20,S295,16,S17,22,S5,2,In,S49,8,S92,22,S243,17,S305,6,S17,1,False
S148,Out,S265,19,S195,20,S498,6,S946,23,S92,12,S497,15,In,S111,22,S389,10,S278,4,S172,13,S600,1,False
S149,Out,S765,11,S420,17,S678,16,S527,15,S509,2,S119,21,S426,8,S698,9,S110,12,S267,3,S821,7,In,S47,3,S135,5,S101,18,S882,13,S375,10,True
S150,Out,S618,23,In,S238,13,S755,6,S640,11,S527,23,False
S151,Out,S241,6,S285,4,S337,0,S447,12,In,S731,11,S413,13,S987,15,S779,14,False
S152,Out,S837,7,S384,17,In,S776,1,S442,9,S823,5,False
S153,Out,S449,17,S338,13,In,S977,14,S897,10,S292,9,S99,3,S717,18,S540,21,S262,21,False
S154,Out,S402,8,S421,22,S913,7,S261,0,S997,15,S206,18,S743,12,S964,11,S893,19,In,S463,10,S634,15,S345,11,S669,12,S616,24,S430,10,False
S155,Out,S892,0,S643,1,S86,22,S528,18,S299,7,S51,17,S802,5,S268,13,In,S665,12,S681,18,S989,21,S749,14,S860,0,False
S156,Out,S208,4,S675,15,S615,10,S789,6,S571,20,In,S718,17,S117,4,S832,16,False
S157,Out,S190,13,S98,6,S944,20,In,S752,5,S404,23,S633,3,S465,13,False
S158,Out,S382,24,S238,11,S634,23,S999,16,S822,5,S306,17,S15,18,S431,0,In,S65,8,S621,15,S677,24,S546,22,S977,20,S537,6,S587,6,False
S159,Out,S21,15,S780,9,S142,21,S94,0,S354,19,S256,23,S177,10,In,S949,11,S673,3,S999,15,S841,14,False
S160,Out,S748,0,S885,16,In,S861,10,S916,10,S589,6,S143,12,S711,19,S676,1,False
S161,Out,S730,17,S570,20,S493,5,In,S393,22,S5,22,S668,24,S851,17,S129,18,S263,7,False
S162,Out,S192,17,S742,24,S33,7,S54,11,In,S930,14,S646,9,S971,20,S471,1,S730,11,False
S163,Out,S57,14,S551,1,S331,24,S643,10,S330,3,S81,22,In,S944,20,S230,21,S217,20,S202,11,False
S164,Out,S901,16,S690,13,S638,9,S553,10,S257,19,In,S510,17,S336,17,S214,12,S506,7,S549,13,S872,3,S165,11,S663,15,S132,1,False
S165,Out,S71,17,S881,7,S22,16,S164,11,S971,2,S336,15,S310,20,S584,22,S656,8,S858,0,In,S492,15,S592,10,S617,6,S260,1,S778,23,False
S166,Out,S52,2,S852,10,In,S367,21,S787,2,S895,19,S781,17,False
S167,Out,S266,20,S198,8,S970,22,S767,23,S337,10,In,S969,14,S701,17,S265,11,False
S168,Out,S294,8,S856,11,S588,9,S724,13,S295,21,S371,20,In,S22,15,False
S169,Out,S385,3,S372,18,S914,2,S745,12,In,S250,1,S584,11,S955,4,S643,0,S214,23,False
S170,Out,S237,21,S426,3,S764,9,S54,15,S308,2,S918,17,In,S739,3,S300,11,S416,3,False
S171,Out,S756,0,S298,1,S801,16,S891,4,S782,6,S100,22,In,S390,14,S653,9,S938,16,S419,12,S947,14,S476,1,S941,21,False
S172,Out,S404,10,S870,23,S148,13,In,S818,14,S914,20,S243,0,False
S173,Out,S866,15,S225,1,S965,6,S117,17,S898,11,In,S549,5,S538,7,S870,5,S830,17,False
S174,Out,S56,1,In,S998,5,S246,13,S3,14,S656,9,S601,9,S510,3,S552,8,False
S175,Out,S231,9,S850,18,S363,22,S854,17,S664,0,S379,23,S178,2,S490,4,S734,16,In,S213,5,S710,7,S709,3,False
S176,Out,S999,0,S616,10,S787,21,S822,6,In,S208,21,S615,5,S195,2,S223,16,S653,2,S570,3,False
S177,Out,S955,17,S898,3,S899,13,In,S135,12,S467,17,S674,2,S22,12,S159,10,False
S178,Out,S719,14,S699,0,S914,5,S695,23,S665,7,S68,21,S675,20,S576,16,S565,2,S842,13,S537,4,S193,3,In,S354,22,S715,15,S933,1,S175,2,S596,24,S723,21,S479,21,False
S179,Out,S837,18,S276,19,S339,14,S534,13,S903,2,S812,20,In,S816,23,S355,19,S769,13,False
S180,Out,S536,7,In,S147,1,S253,1,S352,0,S829,16,S414,12,S223,19,S136,6,False
S181,Out,S211,11,S873,4,S20,22,S577,3,In,S596,11,S601,17,S426,10,S226,6,S321,18,False
S182,Out,S79,19,S632,24,S980,11,In,S839,19,S853,24,S949,13,S994,22,S34,17,False
S183,Out,S626,5,S579,23,S763,20,S954,10,S831,16,S128,7,In,S929,24,S684,1,S714,1,S612,21,False
S184,Out,S16,22,S869,24,S832,2,S416,1,In,S970,7,S984,22,S449,0,S617,5,S27,10,False
S185,Out,S110,7,S443,13,S73,14,S741,21,S82,15,S70,2,S513,23,S393,19,In,S109,18,S853,7,S818,13,S875,23,False
S186,Out,S965,5,S758,18,S762,16,S45,11,S142,2,S621,7,S780,1,S650,0,In,S137,7,S115,17,S997,14,S691,7,S399,4,True
S187,Out,S740,12,S529,4,S204,19,S200,9,S246,24,S670,20,S468,14,In,S218,13,S445,8,S753,7,False
S188,Out,S973,6,S233,13,S723,8,S904,4,S701,14,S112,22,In,S878,1,S780,22,S106,1,S864,5,False
S189,Out,S837,21,S679,0,S655,19,S932,11,S465,6,S740,23,S978,12,S603,13,In,S770,16,S516,7,S833,15,S22,7,S269,0,S359,23,True
S190,Out,S436,4,S666,10,S452,6,S815,3,In,S66,18,S931,24,S364,6,S456,5,S157,13,False
S191,Out,S442,10,S348,1,S692,19,S88,17,S498,6,S277,0,In,S466,15,S299,6,S897,7,S599,2,S579,7,False
S192,Out,S238,16,S580,3,In,S445,11,S84,0,S162,17,S128,13,S972,1,S466,9,S212,7,S909,15,S40,22,False
S193,Out,S647,10,S421,4,S409,8,S56,17,S701,15,In,S479,10,S88,6,S846,3,S543,6,S414,21,S879,24,S256,8,S178,3,False
S194,Out,S299,17,S965,13,S881,15,S442,11,S235,7,S717,19,In,S458,13,S695,7,S112,21,S724,11,S299,17,False
S195,Out,S639,16,S176,2,In,S138,7,S327,6,S612,17,S148,20,False
S196,Out,S241,5,S398,20,S339,12,S660,21,S843,24,S113,10,In,S940,9,S503,3,False
S197,Out,S664,24,S684,11,In,S590,4,S600,18,False
S198,Out,S709,19,S796,6,S396,13,S558,23,S849,8,S346,10,In,S961,17,S167,8,S493,19,False
S199,Out,S12,13,S566,20,S238,14,S581,1,S674,4,In,S115,6,S497,3,S722,8,S638,6,False
S200,Out,S670,12,S794,24,S57,4,S469,11,In,S991,12,S846,14,S187,9,S444,16,S525,13,S276,3,S979,4,S584,2,False
S201,Out,S569,5,S986,1,S954,9,In,S97,4,S406,13,S686,9,S575,7,False
S202,Out,S289,8,S163,11,In,S965,6,S347,16,False
S203,Out,S731,10,S702,8,S446,20,S962,18,S582,13,S928,19,S444,14,S305,15,In,S399,0,S943,12,S691,5,False
S204,Out,S812,22,S593,18,S64,2,In,S323,19,S187,19,S62,5,S440,16,S347,23,True
S205,Out,S252,10,S711,20,S571,22,S8,18,S384,7,In,S463,14,S483,10,S468,11,S320,11,False
S206,Out,S8,0,S523,4,S217,12,S321,14,S132,3,S795,1,S670,16,In,S691,24,S841,11,S538,9,S154,18,False
S207,Out,S75,21,S606,9,In,S87,14,S292,22,S589,7,S659,2,False
S208,Out,S176,21,S38,24,S257,15,In,S138,19,S77,10,S897,24,S729,8,S156,4,S353,10,S616,19,False
S209,Out,S69,11,S782,1,S277,5,In,S479,20,S311,5,S840,12,S940,7,S927,9,False
S210,Out,S494,22,S786,21,S101,11,S457,10,In,S803,6,S919,14,False
S211,Out,S232,21,S875,0,S459,9,S250,18,In,S181,11,S406,21,S3,21,S556,15,False
S212,Out,S16,16,S192,7,S867,0,In,S855,18,S0,7,S610,7,S234,23,S650,3,S850,21,False
S213,Out,S175,5,S393,15,S954,17,S530,22,S240,0,S362,23,S498,20,S938,24,In,S47,8,S389,1,False
S214,Out,S509,1,S164,12,S977,18,S294,4,S169,23,S242,0,In,S405,11,S218,10,S681,7,S881,10,False
S215,Out,S309,15,S746,4,S355,14,S527,21,In,S605,7,S822,6,S57,13,S749,17,S423,1,S114,12,False
S216,Out,S233,3,S27,10,S912,1,S656,20,S247,0,S931,17,S437,16,S920,12,In,S336,6,S450,18,False
S217,Out,S240,1,S383,23,S889,3,S774,10,S677,14,S230,4,S969,8,S163,20,In,S206,12,S653,15,S961,7,S623,24,S448,3,False
S218,Out,S187,13,S832,11,S214,10,S741,3,S801,12,S301,22,S346,0,In,S938,8,S541,13,S867,10,S571,2,S346,11,S749,23,False
S219,Out,S260,16,S762,17,S589,19,S50,12,In,S809,12,S58,11,S127,23,S549,19,S231,2,False
S220,Out,S820,3,S563,14,S93,23,S394,10,S423,6,S45,5,S127,0,S88,11,S0,19,S965,18,S860,22,In,S121,17,S33,9,False
S221,Out,S742,17,S712,11,S234,6,In,S505,7,S793,18,S31,0,False
S222,Out,S531,9,S504,2,S768,22,S431,19,In,S900,7,S515,4,S353,23,S702,17,False
S223,Out,S176,16,S231,8,S454,24,S180,19,S319,7,In,S648,3,S705,9,S276,6,S2,11,False
S224,Out,S92,22,S42,14,S815,13,S360,9,S531,11,S285,15,S750,2,In,S397,7,S828,0,S465,9,S987,4,S736,21,S544,22,False
S225,Out,S749,17,S374,10,S967,7,S994,5,In,S976,5,S427,13,S945,21,S585,20,S173,1,S749,20,S457,16,S15,16,S937,24,False
S226,Out,S826,3,S181,6,S811,14,S607,22,S450,5,In,S999,13,S70,17,S346,0,S259,16,False
S227,Out,S328,22,S968,0,S919,6,S6,5,S651,16,S957,12,In,S610,22,S570,2,S589,16,S235,2,S549,14,S954,13,S574,7,S663,11,False
S228,Out,S531,11,S660,7,S562,23,S844,4,S717,1,In,S131,3,S583,9,S81,10,S461,19,S62,2,S280,21,S496,6,S905,16,False
S229,Out,S972,12,S585,13,S787,4,S951,18,S819,5,S926,20,S43,2,In,S55,19,S81,6,S897,12,S304,22,S358,3,S8,1,False
S230,Out,S163,21,S640,8,S270,19,S585,13,In,S308,21,S741,2,S217,4,S24,13,False
S231,Out,S627,22,S712,16,S6,13,S219,2,S878,15,In,S175,9,S146,8,S32,6,S223,8,S52,19,S961,5,False
S232,Out,S870,24,S446,2,S682,10,S23,0,In,S902,5,S647,12,S211,21,S488,20,S499,11,S75,0,S260,0,S140,11,False
S233,Out,S48,7,In,S216,3,S987,17,S188,13,S638,17,S261,6,False
S234,Out,S903,1,S212,23,In,S242,1,S221,6,S426,4,S936,5,S486,18,False
S235,Out,S716,20,S611,9,S227,2,S669,6,S22,0,S691,18,S536,22,S136,16,In,S566,22,S683,4,S237,0,S549,12,S194,7,False
S236,Out,S136,14,S917,0,S677,13,S523,15,S847,23,S619,16,In,S780,13,S393,10,S733,24,False
S237,Out,S714,6,S722,12,S567,1,S69,20,S235,0,In,S279,11,S97,10,S170,21,S809,18,S549,18,S116,6,False
S238,Out,S150,13,S444,3,S871,1,S347,2,S258,15,In,S158,11,S192,16,S325,0,S199,14,S556,1,S558,14,False
S239,Out,S655,19,S549,1,S570,24,S24,18,S877,17,In,S774,21,S597,19,False
S240,Out,S387,20,S438,6,S928,2,S47,15,S136,3,In,S217,1,S369,14,S213,0,S112,12,S9,4,S888,20,S602,9,False
S241,Out,S386,6,S714,20,S349,24,S898,12,S921,17,S107,13,In,S196,5,S733,13,S522,7,S717,12,S646,6,S306,24,S41,8,S151,6,S93,17,S588,0,S113,3,S940,6,S908,18,False
S242,Out,S234,1,S343,0,S388,13,S683,4,S143,7,S566,6,S288,24,S726,8,In,S275,2,S539,5,S214,0,False
S243,Out,S949,20,S807,7,S510,15,S34,12,S50,1,S776,2,S947,10,S83,4,S320,24,S628,9,S245,6,S891,22,S90,23,S147,17,S172,0,In,S121,2,S837,15,S809,17,S860,8,S624,21,S1,7,False
S244,Out,S296,19,S274,18,S362,24,S94,16,In,S965,24,S878,8,S682,9,S2,15,False
S245,Out,S991,9,S739,14,S609,20,S611,6,S835,2,S837,16,S761,1,In,S27,14,S878,7,S243,6,S718,19,False
S246,Out,S99,7,S468,22,S70,15,S174,13,S817,0,S683,14,S703,9,S650,17,S333,18,S603,19,S960,4,In,S646,22,S535,4,S606,4,S382,7,S129,1,S683,13,S187,24,S258,5,S274,6,S906,12,False
S247,Out,S6,6,S613,2,S587,10,S735,9,S960,16,S45,1,In,S601,16,S377,10,S144,18,S256,5,S216,0,S506,3,S398,22,S26,15,S667,24,S803,21,S922,12,False
S248,Out,S399,13,S318,18,S814,12,S618,20,S987,16,S610,4,S920,0,In,S807,19,S460,12,S833,3,False
S249,Out,S1,8,S343,3,S726,16,S820,15,S114,13,S105,10,In,S496,13,S57,7,S33,15,S290,8,True
S250,Out,S169,1,S729,0,S880,19,S87,18,S848,10,In,S951,24,S298,2,S977,12,S650,2,S116,5,S252,6,S266,11,S211,18,False
S251,Out,S51,3,S899,0,S738,21,S987,16,S367,13,In,S938,10,S330,8,S143,16,False
S252,Out,S11,20,S491,3,S250,6,In,S106,2,S205,10,S832,1,S624,6,S86,4,False
S253,Out,S898,11,S254,20,S180,1,S505,14,S689,0,S816,10,S940,7,S710,15,In,S111,20,S563,13,S664,5,S330,10,False
S254,Out,S54,23,S564,22,In,S253,20,S67,18,S75,20,False
S255,Out,S831,13,S596,14,In,S601,1,S113,22,S418,8,S382,24,S948,1,False
S256,Out,S734,12,S899,0,S638,13,S837,20,S247,5,S193,8,S410,1,In,S944,1,S833,16,S887,14,S750,3,S159,23,S784,13,S749,4,False
S257,Out,S761,11,S100,23,S699,7,In,S727,24,S164,19,S14,9,S477,20,S543,19,S208,15,False
S258,Out,S59,18,S968,1,S895,4,S3,8,S246,5,S838,13,In,S22,8,S878,24,S549,6,S468,5,S945,19,S238,15,False
S259,Out,S817,19,S54,4,S780,1,S674,2,S226,16,In,S567,19,S44,6,S570,9,S751,21,S270,15,S323,13,S911,16,False
S260,Out,S968,21,S706,3,S105,24,S21,7,S165,1,S232,0,In,S776,15,S219,16,S323,8,S532,8,True
S261,Out,S233,6,In,S821,4,S6,1,S154,0,False
S262,Out,S74,10,S153,21,In,S568,23,S593,15,S302,9,S404,6,S673,6,S288,11,False
S263,Out,S145,0,S737,17,S99,21,S995,22,S644,14,S161,7,S292,1,In,S625,24,S740,23,S309,15,S498,3,S328,24,S821,7,False
S264,Out,S859,6,S117,16,S749,23,S554,4,In,S581,8,S494,24,S738,16,False
S265,Out,S909,21,S167,11,S676,17,S5,7,In,S148,19,S589,14,S472,3,S433,17,False
S266,Out,S518,23,S250,11,S561,5,S629,7,In,S167,20,S58,2,S433,18,S930,12,S311,21,S507,12,False
S267,Out,S377,4,S474,16,In,S299,23,S714,14,S931,6,S851,6,S114,3,S149,3,False
S268,Out,S922,23,S89,24,S993,14,S55,12,In,S395,23,S897,0,S367,0,S594,12,S29,8,S118,18,S507,13,S155,13,S770,19,False
S269,Out,S606,10,S428,20,S917,12,S189,0,In,S325,16,S704,22,S764,10,S477,7,S330,14,S34,16,S731,22,False
S270,Out,S277,11,S75,19,S41,4,S388,12,S753,18,S259,15,In,S730,1,S608,12,S561,6,S421,21,S964,8,S931,12,S505,9,S230,19,S534,5,False
S271,Out,S984,20,S875,14,S772,11,In,S787,22,S637,7,S851,0,S29,17,False
S272,Out,S51,24,S102,2,S295,9,S323,0,S682,10,In,S976,7,S735,15,S15,7,S516,0,S542,21,S533,13,S424,10,S17,16,S949,5,S653,11,False
S273,Out,S521,15,S363,7,S441,8,In,S707,9,S685,7,S415,15,False
S274,Out,S890,19,S726,9,S246,6,In,S956,4,S244,18,False
S275,Out,S594,12,S128,22,S242,2,S733,14,S950,20,In,S506,9,S8,9,False
S276,Out,S981,12,S223,6,S468,10,S200,3,S835,4,S540,7,In,S594,14,S608,10,S561,7,S917,4,S566,18,S179,19,S790,23,S387,23,False
S277,Out,S364,1,S540,2,S318,6,S138,23,In,S270,11,S655,10,S454,15,S191,0,S209,5,False
S278,Out,S148,4,S84,16,S859,19,In,S370,3,S443,19,S558,1,S511,12,False
S279,Out,S237,11,S46,12,S733,15,S669,1,In,S818,6,S107,19,S735,17,S689,14,False
S280,Out,S77,5,S394,9,S49,13,S115,0,S641,11,S342,19,S524,1,S228,21,In,S690,5,S515,21,S364,21,S570,24,S762,17,False
S281,Out,S533,17,S308,22,S494,1,S306,0,S72,13,In,S414,14,S582,14,S740,19,S365,17,False
S282,Out,S370,21,In,S55,12,S868,8,S850,3,S335,18,S864,7,False
S283,Out,S359,4,S842,2,In,S118,20,S869,13,S409,22,S626,3,S346,19,S420,8,False
S284,Out,S407,6,S372,0,S131,3,In,S661,5,S327,1,S322,18,S407,13,S947,9,S918,0,S329,10,False
S285,Out,S852,16,S356,22,S23,4,In,S310,20,S893,17,S58,4,S71,13,S151,4,S224,15,S969,21,S836,23,False
S286,Out,S560,9,S331,11,In,S961,23,S994,3,S982,16,True
S287,Out,S444,5,S846,17,S321,19,S984,3,S627,10,S620,9,In,S968,4,S343,10,S528,9,S712,18,S758,21,S330,6,S398,0,S577,24,S553,6,S679,3,False
S288,Out,S62,22,S55,23,S335,18,S262,11,In,S807,13,S656,11,S301,10,S242,24,S27,22,S940,13,S62,12,S817,1,S780,0,False
S289,Out,S440,19,S889,14,S466,4,In,S656,2,S298,7,S850,13,S634,2,S639,4,S881,4,S597,6,S915,0,S202,8,S131,0,False
S290,Out,S504,12,S525,3,S249,8,S914,13,In,S49,13,S295,0,S514,13,S535,24,S77,0,True
S291,Out,S498,3,S778,8,S352,23,In,S503,1,S418,0,S972,16,S344,3,False
S292,Out,S641,15,S153,9,S207,22,S937,19,S324,7,S141,0,S483,10,In,S503,15,S478,20,S263,1,False
S293,Out,S599,7,S746,2,In,S754,10,S369,16,S544,18,S523,2,S556,12,S838,2,S396,11,False
S294,Out,S467,21,S816,22,S123,11,S688,19,S865,18,In,S168,8,S509,7,S214,4,S874,15,S342,2,S335,23,S407,19,False
S295,Out,S290,0,S623,19,S738,4,S302,10,S522,21,S662,1,In,S146,7,S272,9,S168,21,S721,1,S345,3,S147,16,False
S296,Out,S721,18,S297,12,S777,19,S68,10,In,S589,23,S244,19,S819,17,S346,1,S141,14,S687,10,False
S297,Out,S644,24,In,S319,15,S528,10,S296,12,S338,3,False
S298,Out,S558,24,S250,2,S68,21,S289,7,S564,11,S393,10,In,S855,19,S171,1,S394,4,S830,15,False
S299,Out,S267,23,S191,6,S119,16,S691,13,S194,17,In,S928,24,S194,17,S868,20,S968,14,S514,10,S155,7,S993,20,S707,12,S812,5,False
S300,Out,S921,10,S170,11,S935,20,S318,8,S996,4,S461,9,S14,23,S704,22,In,S683,8,S749,7,S827,18,S479,17,False
S301,Out,S478,3,S559,14,S288,10,S785,17,S84,4,S915,6,S843,19,In,S435,7,S812,19,S922,7,S448,13,S542,4,S218,22,False
S302,Out,S720,18,S951,21,S314,13,S262,9,S141,10,In,S25,15,S315,2,S586,6,S295,10,False
S303,Out,S331,8,S437,17,S109,15,S670,10,S617,16,S81,21,In,S123,4,S81,19,S984,19,S715,18,S50,20,False
S304,Out,S88,5,S590,15,S229,22,S606,4,In,S926,5,S713,19,S366,15,S443,3,False
S305,Out,S147,6,S985,23,S136,21,S879,17,S356,7,In,S887,17,S960,23,S481,2,S203,15,S966,7,False
S306,Out,S991,5,S98,3,S241,24,S446,8,S388,16,S416,10,S449,15,In,S960,24,S730,7,S363,3,S158,17,S281,0,False
S307,Out,S890,18,S771,16,S392,15,In,S529,2,S654,21,S452,18,S142,19,False
S308,Out,S230,21,S764,8,S526,2,In,S134,13,S14,14,S899,22,S760,24,S470,0,S797,7,S281,22,S170,2,S453,24,False
S309,Out,S809,7,S263,15,S387,1,In,S215,15,S979,6,S690,12,False
S310,Out,S285,20,S653,8,S851,7,In,S571,7,S730,23,S165,20,S365,13,S948,22,False
S311,Out,S508,4,S9,14,S209,5,S139,11,S341,15,S876,20,S266,21,S577,23,In,S776,9,S62,3,S517,22,S643,24,S53,21,S611,9,False
S312,Out,S758,10,S522,17,S670,14,S540,4,In,S605,18,S116,7,S997,11,S653,17,S7,4,S884,19,S562,18,False
S313,Out,S646,13,S542,23,S338,9,S813,17,In,S528,24,S486,15,S693,2,S109,17,S638,23,S458,22,False
S314,Out,S583,5,S388,4,In,S774,19,S302,13,S28,6,S727,11,S600,3,S393,3,False
S315,Out,S302,2,S510,12,S118,4,S24,16,S533,21,S589,13,S7,10,S724,9,In,S364,7,S143,19,S660,17,S350,23,S556,6,S353,17,False
S316,Out,S964,1,S567,11,S0,14,S769,3,In,S582,10,S331,23,S650,4,False
S317,Out,S436,9,S99,18,S968,22,S516,2,S79,24,S16,11,In,S647,21,S727,8,S123,22,S833,7,S349,21,False
S318,Out,S462,11,S998,9,S518,3,S837,18,S794,24,S484,4,In,S248,18,S421,4,S300,8,S277,6,S884,2,S957,8,False
S319,Out,S145,17,S92,18,S297,15,S27,23,In,S965,19,S131,2,S710,22,S921,20,S223,7,True
S320,Out,S535,1,S525,22,S700,6,S519,10,S527,21,S205,11,In,S243,24,S622,19,S810,22,S661,19,S508,22,False
S321,Out,S919,2,S506,10,S573,11,S181,18,S666,8,In,S206,14,S592,18,S766,6,S960,6,S287,19,S397,22,S970,24,False
S322,Out,S912,4,S926,5,S284,18,S643,14,S578,17,S464,24,S503,7,S351,0,In,S815,18,S647,20,S795,2,S368,21,S414,15,False
S323,Out,S109,7,S204,19,S457,2,S79,18,S260,8,S259,13,In,S940,4,S511,21,S525,8,S272,0,False
S324,Out,S510,24,In,S72,13,S502,4,S292,7,S903,12,S464,18,S673,13,False
S325,Out,S958,24,S269,16,S546,6,S59,5,S238,0,S462,9,In,S665,0,S532,23,S411,5,S377,13,True
S326,Out,S76,18,S786,7,S821,14,S713,6,S430,24,S776,9,In,S798,0,False
S327,Out,S332,5,S195,6,S284,1,S897,0,S361,7,In,S867,9,S590,19,S20,22,S984,15,S919,5,S634,18,False
S328,Out,S371,19,S478,11,S669,12,S263,24,S957,18,In,S227,22,S619,24,S562,12,S518,18,False
S329,Out,S73,21,S904,6,S132,17,S614,16,S284,10,In,S961,8,S28,23,False
S330,Out,S251,8,S269,14,S627,12,S287,6,S253,10,In,S414,10,S724,14,S163,3,False
S331,Out,S377,19,S636,4,S316,23,In,S303,8,S522,2,S163,24,S40,10,S286,11,False
S332,Out,S730,22,S347,14,In,S327,5,S440,23,S775,12,False
S333,Out,S484,1,S828,15,S929,6,S480,19,S501,12,S382,13,S571,5,In,S664,12,S426,19,S246,18,S588,21,S979,16,S696,1,False
S334,Out,S978,0,S660,6,In,S354,11,S899,0,S452,19,S507,1,S680,6,False
S335,Out,S700,0,S819,17,S884,11,S20,3,S282,18,S294,23,In,S965,15,S384,10,S359,0,S881,24,S93,23,S722,21,S557,19,S943,11,S288,18,False
S336,Out,S216,6,S164,17,S555,13,S784,22,In,S480,24,S165,15,S656,23,False
S337,Out,S462,14,S727,0,S472,11,In,S415,0,S726,23,S151,0,S167,10,True
S338,Out,S881,21,S638,0,S297,3,In,S66,8,S153,13,S377,23,S313,9,S607,7,S930,19,False
S339,Out,S755,16,S923,19,S874,18,S901,13,S517,23,In,S196,12,S950,21,S179,14,S997,20,S985,0,S941,12,False
S340,Out,S992,6,S530,12,S999,5,In,S121,22,S683,6,S420,4,S459,16,S714,15,S957,12,False
S341,Out,S691,18,S68,13,S555,1,In,S931,19,S311,15,S677,19,S346,5,True
S342,Out,S829,21,S294,2,In,S370,5,S827,20,S913,20,S612,19,S608,9,S395,1,S280,19,False
S343,Out,S497,8,S287,10,S724,13,S526,21,S456,3,S434,4,In,S249,3,S344,10,S242,0,S897,6,False
S344,Out,S343,10,S880,0,S801,23,S112,12,S291,3,S972,17,In,S720,11,S415,8,S487,0,S765,22,False
S345,Out,S708,15,S484,22,S369,6,S644,21,S775,24,S355,1,S154,11,S295,3,In,S890,11,S369,10,S638,0,S577,12,False
S346,Out,S614,24,S296,1,S226,0,S767,6,S341,5,S762,22,S283,19,S218,11,In,S363,6,S378,17,S941,15,S671,22,S466,17,S770,4,S96,19,S198,10,S478,14,S117,7,S218,0,False
S347,Out,S992,20,S202,16,S204,23,In,S964,1,S238,2,S501,0,S137,6,S332,14,S465,10,False
S348,Out,S482,13,S944,0,S892,2,In,S730,10,S46,5,S191,1,False
S349,Out,S53,8,S781,9,S16,16,S517,5,S317,21,In,S638,22,S828,18,S241,24,S816,22,S39,12,False
S350,Out,S919,8,S609,21,S38,5,S315,23,In,S930,24,S58,23,S96,6,False
S351,Out,S887,20,S43,0,S552,3,S874,15,S614,5,S962,23,In,S57,5,S366,18,S536,1,S10,4,S322,0,True
S352,Out,S180,0,S515,16,S963,21,S45,8,In,S391,15,S64,23,S482,19,S291,23,False
S353,Out,S519,11,S948,4,S222,23,S936,22,S364,18,S653,14,S208,10,S528,8,S315,17,In,S126,5,S800,13,S651,2,S115,3,S522,12,S902,17,False
S354,Out,S774,12,S178,22,S334,11,S978,17,S404,5,S455,2,S731,3,In,S510,22,S598,4,S159,19,S916,24,S659,18,S424,1,False
S355,Out,S804,23,S179,19,S478,12,In,S22,17,S215,14,S345,1,S59,20,S571,20,S765,21,False
S356,Out,S630,7,S608,13,S992,15,S376,22,In,S801,18,S999,4,S803,23,S285,22,S305,7,False
S357,Out,S711,22,S582,20,S377,5,S465,19,S676,21,In,S783,11,S78,3,S676,16,False
S358,Out,S111,19,S229,3,S617,21,S43,0,S36,13,In,S791,4,S540,19,S874,3,S26,17,S145,12,S583,22,False
S359,Out,S64,16,S335,0,S840,22,S388,14,S189,23,S548,24,In,S283,4,S898,23,S596,20,S751,1,S960,1,S785,17,False
S360,Out,S980,6,S505,18,S750,12,S802,15,S404,23,S631,21,In,S968,19,S106,3,S224,9,S730,17,S381,19,S511,15,S585,16,False
S361,Out,S549,12,S695,1,S924,3,S362,6,S21,24,In,S861,16,S472,19,S327,7,False
S362,Out,S721,17,S791,19,S800,21,S21,7,S653,4,In,S111,0,S93,13,S361,6,S244,24,S213,23,False
S363,Out,S397,4,S346,6,S568,16,S666,9,S638,21,S701,15,S306,3,In,S693,11,S175,22,S862,24,S516,3,S656,16,S924,12,S917,18,S273,7,S629,14,S464,11,S496,19,False
S364,Out,S315,7,S280,21,S978,17,S190,6,In,S503,20,S277,1,S386,10,S353,18,S8,19,S453,5,False
S365,Out,S599,5,S89,10,S122,0,S608,14,S310,13,S814,21,S281,17,In,S960,2,S559,22,False
S366,Out,S63,20,S431,2,S351,18,S723,12,S304,15,S815,21,In,S751,9,S398,15,S807,18,S859,23,S803,11,S93,3,False
S367,Out,S166,21,S518,20,S268,0,S415,14,S613,9,S481,17,In,S943,19,S800,18,S503,18,S86,12,S251,13,True
S368,Out,S812,18,S526,17,S402,12,S992,6,S127,11,S653,14,S490,19,S322,21,S89,15,In,S881,0,S492,20,S936,15,False
S369,Out,S819,12,S293,16,S240,14,S345,10,S937,20,In,S557,16,S345,6,S85,12,S749,9,S421,6,False
S370,Out,S61,6,S342,5,S278,3,S467,19,S430,24,S117,17,S7,16,In,S490,13,S427,7,S631,13,S977,2,S597,20,S282,21,S459,19,False
S371,Out,S679,12,S29,1,S859,3,S913,0,S740,5,S103,23,S566,14,In,S719,1,S328,19,S62,0,S168,20,S954,20,S586,23,False
S372,Out,S17,3,S51,6,S882,1,In,S989,1,S924,16,S284,0,S169,18,False
S373,Out,S447,10,S954,5,S776,0,S865,16,S552,2,In,S949,12,S84,14,S851,18,S776,24,S107,12,S105,24,False
S374,Out,S725,9,S945,15,S519,14,S420,13,S657,22,S793,5,In,S953,0,S945,9,S574,15,S225,10,S683,21,S772,7,S818,3,False
S375,Out,S672,3,S52,9,S709,7,S867,11,S876,6,S698,19,S149,10,S835,22,S418,23,In,S940,22,S511,23,S446,6,S458,20,S903,11,S421,16,False
S376,Out,In,S706,14,S861,4,S737,13,S677,4,S356,22,False
S377,Out,S247,10,S98,4,S338,23,S325,13,S20,20,In,S331,19,S267,4,S146,12,S357,5,S457,1,S479,9,False
S378,Out,S12,19,S346,17,S686,3,S979,10,S721,15,S15,0,In,S8,15,S982,23,S94,19,S54,9,S642,19,S940,1,False
S379,Out,S543,0,S495,7,In,S664,3,S175,23,S127,17,S692,22,False
S380,Out,S745,18,In,S890,20,S906,9,S126,10,False
S381,Out,S788,11,S688,5,S360,19,In,S660,16,S740,1,S102,5,S798,21,S59,18,S728,2,S573,24,S985,6,False
S382,Out,S63,22,S246,7,S255,24,In,S158,24,S876,11,S515,20,S589,8,S687,4,S333,13,S746,6,S23,2,S2,4,True
S383,Out,In,S217,23,S527,3,S117,1,False
S384,Out,S335,10,S24,21,S559,13,In,S698,15,S152,17,S205,7,S664,8,False
S385,Out,S862,21,S932,8,In,S672,14,S934,21,S169,3,S840,22,S823,4,S453,1,S435,24,S587,3,S478,5,False
S386,Out,S979,0,S364,10,S914,4,S989,24,In,S474,11,S241,6,S613,6,S791,13,S944,4,S78,11,False
S387,Out,S785,8,S276,23,In,S240,20,S975,4,S721,7,S309,1,S57,2,False
S388,Out,S663,8,S506,22,S430,9,S412,1,In,S138,23,S242,13,S270,12,S306,16,S314,4,S359,14,S610,13,False
S389,Out,S834,20,S425,21,S34,8,S148,10,S213,1,S526,17,S967,7,S739,14,In,S60,4,S490,10,S4,0,S828,12,S996,22,False
S390,Out,S861,20,S171,14,S427,17,S761,23,S466,3,S529,18,In,S790,2,S66,0,S843,21,S124,5,False
S391,Out,S458,21,S779,20,S352,15,S397,22,S474,7,S117,8,S555,16,In,S560,16,S701,2,S555,20,S781,20,S894,1,S725,10,False
S392,Out,S554,15,In,S897,15,S801,7,S307,15,False
S393,Out,S161,22,S236,10,S393,1,S731,6,S314,3,In,S213,15,S655,15,S729,18,S393,1,S298,10,S439,0,S185,19,False
S394,Out,S298,4,S967,9,In,S280,9,S643,3,S817,18,S220,10,S47,23,False
S395,Out,S268,23,S936,13,S342,1,S651,24,In,S397,1,False
S396,Out,S656,2,S944,5,S293,11,In,S198,13,S432,24,S479,15,S970,23,False
S397,Out,S395,1,S783,14,S883,3,S224,7,S746,15,S721,13,S541,16,S528,4,S321,22,S556,2,In,S363,4,S506,12,S391,22,S524,7,S719,23,S704,20,S49,16,S858,21,False
S398,Out,S594,18,S470,6,S56,17,S34,5,S366,15,S247,22,S287,0,S798,24,In,S196,20,S673,0,S916,20,S595,21,False
S399,Out,S625,14,S586,13,S595,22,S203,0,S629,20,S588,6,S186,4,S517,23,In,S248,13,S906,3,S696,16,S990,0,False
S400,Out,S634,22,S731,18,S136,16,S27,17,S824,11,S430,12,S596,24,In,S944,12,S797,1,S959,3,S625,18,S9,18,False
S401,Out,S414,23,S891,6,S845,2,In,S573,3,S855,8,S969,2,S840,11,False
S402,Out,S516,9,S910,21,S740,1,In,S74,2,S154,8,S122,13,S368,12,False
S403,Out,S576,16,S575,21,S481,23,In,S713,14,S838,23,False
S404,Out,S762,8,S715,2,S157,23,S262,6,In,S172,10,S360,23,S354,5,S44,9,S553,22,S562,5,S600,24,S974,11,S907,1,False
S405,Out,S214,11,S686,18,S55,21,S616,6,In,S485,17,S846,20,False
S406,Out,S413,5,S201,13,S211,21,S879,17,S569,18,In,S136,0,S860,6,S886,7,False
S407,Out,S108,24,S977,17,S284,13,S79,12,S771,15,S294,19,In,S510,9,S22,23,S284,6,S579,9,S777,24,False
S408,Out,S513,14,S605,0,S671,12,S727,15,S980,8,S777,21,S611,4,In,S790,18,S458,2,S597,24,S952,18,False
S409,Out,S100,24,S283,22,In,S193,8,S910,17,S22,4,S759,4,S143,10,S795,4,S741,15,False
S410,Out,S413,14,S570,20,S719,10,S519,8,S687,1,S700,22,S744,23,In,S23,5,S698,21,S962,23,S706,24,S139,4,S80,5,S42,19,S256,1,False
S411,Out,S738,10,S973,19,S325,5,S538,1,In,S528,2,S547,20,S738,14,S718,14,False
S412,Out,S665,10,S420,20,S576,15,In,S625,17,S852,18,S3,19,S791,10,S488,14,S706,15,S388,1,False
S413,Out,S784,22,S151,13,S545,23,S854,1,S542,12,In,S50,17,S406,5,S410,14,S918,2,S16,10,True
S414,Out,S281,14,S330,10,S720,20,S180,12,S193,21,S322,15,S19,7,In,S851,19,S401,23,S569,24,False
S415,Out,S453,5,S337,0,S424,20,S923,13,S344,8,S705,16,S750,12,S844,23,S273,15,S436,24,S932,18,In,S733,5,S461,18,S367,14,S801,2,S98,8,S902,10,False
S416,Out,S170,3,S971,7,S523,24,In,S510,20,S630,4,S306,10,S184,1,False
S417,Out,S572,14,S973,22,S959,0,In,S586,8,S704,0,False
S418,Out,S717,1,S291,0,S255,8,S765,6,S710,10,S641,12,S104,14,S53,16,S631,24,In,S814,24,S55,10,S437,13,S765,18,S375,23,False
S419,Out,S171,12,S509,18,S78,16,In,S683,22,S585,15,S435,18,False
S420,Out,S127,17,S340,4,S875,22,S283,8,In,S149,17,S374,13,S9,5,S33,5,S412,20,S640,13,True
S421,Out,S454,23,S318,4,S270,21,S369,6,S719,5,S375,16,In,S193,4,S517,7,S154,22,S877,5,S636,20,S940,12,False
S422,Out,S109,3,S756,24,In,S945,18,S71,6,S726,24,S139,9,S115,10,S815,7,S425,5,False
S423,Out,S685,10,S503,12,S793,15,S215,1,S502,7,In,S912,3,S220,6,S759,22,S73,20,False
S424,Out,S35,14,S272,10,S658,0,S354,1,In,S415,20,S987,2,S557,20,S109,7,S894,7,S662,21,False
S425,Out,S586,13,S736,15,S422,5,In,S131,7,S389,21,S783,17,S615,22,S101,12,False
S426,Out,S769,3,S805,12,S333,19,S14,7,S181,10,S234,4,In,S774,14,S468,4,S32,9,S149,8,S170,3,S5,2,S630,8,False
S427,Out,S370,7,S225,13,S928,5,S507,11,In,S95,14,S715,4,S390,17,S654,24,S605,3,S570,4,False
S428,Out,S557,6,S722,21,S52,18,S666,5,S613,7,S29,12,In,S8,4,S771,8,S577,8,S269,20,S448,1,S491,20,False
S429,Out,S710,6,In,S617,22,S944,9,S147,21,False
S430,Out,S452,2,S794,20,S588,8,S717,7,S798,23,S154,10,In,S938,0,S998,0,S459,7,S370,24,S388,9,S326,24,S400,12,False
S431,Out,S764,18,S698,5,S16,13,S804,9,S676,21,In,S727,14,S366,2,S222,19,S158,0,S685,9,S677,8,False
S432,Out,S743,8,S489,5,S396,24,S582,0,S575,10,S805,7,In,S926,22,False
S433,Out,S888,9,S266,18,S667,8,S632,2,S265,17,S446,7,In,S656,5,S949,4,S602,13,False
S434,Out,S907,24,S493,6,S120,9,In,S983,5,S343,4,S739,20,False
S435,Out,S301,7,S988,1,S863,2,S385,24,S419,18,In,S854,20,S811,18,False
S436,Out,S789,7,In,S317,9,S470,14,S190,4,S696,7,S415,24,S957,16,False
S437,Out,S837,1,S418,13,S19,3,S437,10,In,S303,17,S828,7,S588,1,S743,19,S216,16,S28,10,S581,2,S437,10,False
S438,Out,S555,7,S664,0,S124,6,In,S897,14,S612,9,S240,6,S785,15,False
S439,Out,S813,17,S905,18,S859,21,S393,0,In,S932,6,S545,7,S103,14,S720,21,False
S440,Out,S635,19,S332,23,S441,1,S124,22,S204,16,In,S289,19,S91,4,False
S441,Out,In,S654,2,S440,1,S755,9,S871,6,S273,8,False
S442,Out,S152,9,S878,13,S759,6,In,S191,10,S69,4,S676,4,S194,11,S545,12,False
S443,Out,S499,24,S642,20,S18,21,S7,18,S35,17,S504,15,S278,19,S304,3,In,S699,4,S185,13,S575,8,False
S444,Out,S107,23,S200,16,S847,6,S991,21,S30,15,In,S785,14,S238,3,S287,5,S807,9,S203,14,False
S445,Out,S192,11,S187,8,In,S992,14,S729,22,False
S446,Out,S557,9,S7,11,S783,4,S375,6,In,S203,20,S306,8,S232,2,S433,7,S496,5,S661,18,False
S447,Out,S120,16,S555,5,S143,15,S910,22,In,S373,10,S664,21,S151,12,S666,0,S785,10,False
S448,Out,S122,18,S301,13,S428,1,S737,12,S217,3,In,S795,16,S12,16,False
S449,Out,S533,5,S573,20,S184,0,S709,4,S546,12,In,S153,17,S504,2,S667,0,S863,9,S702,23,S480,18,S306,15,False
S450,Out,S463,5,S910,23,S667,10,S216,18,In,S947,6,S102,16,S936,19,S226,5,False
S451,Out,S7,21,S28,23,In,S26,13,S720,9,S959,6,False
S452,Out,S956,9,S58,21,S334,19,S548,22,S307,18,S815,10,In,S430,2,S736,19,S809,0,S190,6,S143,24,S94,22,False
S453,Out,S66,12,S710,19,S385,1,S364,5,S308,24,S576,11,S129,20,In,S415,5,S516,4,S619,3,S755,19,S722,24,False
S454,Out,S867,13,S612,7,S800,23,S277,15,S859,24,In,S421,23,S223,24,S41,15,False
S455,Out,S645,11,S939,15,S736,14,S993,10,S557,18,S95,21,S661,24,In,S602,17,S82,19,S728,10,S354,2,S864,12,False
S456,Out,S142,13,S773,16,S704,24,S190,5,S948,21,In,S571,11,S552,3,S986,21,S343,3,False
S457,Out,S377,1,S225,16,In,S871,22,S323,2,S494,20,S758,1,S836,3,S210,10,False
S458,Out,S194,13,S20,11,S408,2,S42,24,S637,19,S746,9,S792,18,S875,7,S375,20,S313,22,S472,10,S650,5,In,S391,21,S956,22,S871,16,S644,8,S629,4,False
S459,Out,S515,21,S340,16,S831,24,S430,7,S370,19,In,S844,12,S890,3,S555,15,S211,9,S533,12,S145,7,S910,13,True
S460,Out,S101,13,S957,10,S756,14,S610,2,S248,12,S27,8,S864,23,S887,16,In,S510,24,S22,3,S709,24,False
S461,Out,S736,15,S567,12,S415,18,S228,19,S474,17,S24,5,S883,20,S65,24,In,S991,16,S300,9,S782,18,S792,21,False
S462,Out,S58,17,S648,18,S643,24,S725,6,In,S318,11,S337,14,S966,16,S637,2,S325,9,False
S463,Out,S960,21,S763,24,S205,14,S154,10,S959,22,S980,5,S2,3,S56,23,S995,20,In,S450,5,S985,20,S563,5,S861,6,False
S464,Out,S324,18,S142,19,S363,11,In,S721,0,S94,4,S322,24,False
S465,Out,S696,3,S224,9,S713,17,S157,13,S347,10,In,S582,13,S761,2,S723,0,S357,19,S189,6,False
S466,Out,S191,15,S661,0,S689,4,S346,17,S192,9,In,S551,1,S390,3,S289,4,False
S467,Out,S927,13,S580,24,S878,20,S177,17,S842,4,S62,9,S47,5,In,S294,21,S370,19,S843,22,S534,20,False
S468,Out,S682,20,S426,4,S86,14,S205,11,S258,5,S758,22,In,S246,22,S959,10,S276,10,S187,14,False
S469,Out,S609,24,S81,13,S485,18,S542,5,In,S117,16,S200,11,False
S470,Out,S897,21,S436,14,S308,0,S915,13,S97,3,In,S96,13,S398,6,S93,0,False
S471,Out,S101,24,S162,1,S102,20,In,S945,20,S533,11,True
S472,Out,S361,19,S11,22,S36,17,S544,15,S265,3,In,S776,21,S52,4,S531,3,S337,11,S458,10,S787,4,S730,20,False
S473,Out,S810,10,S687,0,S550,7,S821,19,S8,14,In,S566,23,S791,3,S742,22,S10,24,True
S474,Out,S903,12,S36,14,S386,11,S78,13,S974,1,In,S510,19,S267,16,S391,7,S612,6,S461,17,S121,5,S571,0,False
S475,Out,S706,16,S13,3,S815,18,S740,4,In,S805,6,S102,24,S828,17,S11,23,S899,8,False
S476,Out,S122,3,S830,0,S171,1,S34,17,In,S590,8,S35,22,S572,23,S926,3,False
S477,Out,S257,20,S269,7,S987,13,In,S610,6,False
S478,Out,S292,20,S346,14,S385,5,In,S57,0,S301,3,S328,11,S543,14,S355,12,False
S479,Out,S193,10,S209,20,S848,16,S654,13,S627,18,S396,15,S300,17,S178,21,S377,9,In,S699,13,S684,16,S100,13,S99,8,False
S480,Out,S336,24,S76,19,S55,14,S539,20,S724,23,S449,18,S729,13,In,S902,14,S872,1,S42,1,S333,19,False
S481,Out,S727,15,S908,17,S305,2,In,S608,21,S717,13,S403,23,S367,17,False
S482,Out,S852,1,S352,19,In,S678,13,S63,19,S935,9,S348,13,S12,0,S605,20,False
S483,Out,S536,22,S205,10,S992,6,S891,7,S566,3,S35,4,In,S735,7,S734,0,S497,18,S292,10,S932,4,S627,14,False
S484,Out,S645,10,In,S333,1,S110,0,S908,9,S345,22,S961,20,S684,10,S318,4,S21,17,S576,1,False
S485,Out,S146,13,S405,17,S74,5,S575,1,S888,12,S950,22,S564,7,S105,19,S716,23,In,S977,6,S925,16,S508,23,S776,17,S81,22,S645,2,S469,18,False
S486,Out,S110,16,S657,1,S995,5,S313,15,S799,22,S615,3,S234,18,S597,13,In,S816,0,S494,21,S792,15,S622,20,S5,8,True
S487,Out,S344,0,In,S110,18,S585,22,S608,18,S67,0,False
S488,Out,S928,13,S751,6,S59,4,S412,14,S232,20,S518,12,In,S691,10,S753,13,S727,15,S50,6,False
S489,Out,S987,21,S924,11,In,S432,5,False
S490,Out,S370,13,S927,7,S389,10,S619,22,S636,3,S103,4,S804,5,In,S583,11,S123,9,S46,15,S368,19,S533,7,S682,0,S175,4,False
S491,Out,S940,17,S428,20,In,S721,24,S736,7,S252,3,S84,24,False
S492,Out,S165,15,S529,0,S70,10,S866,2,S744,22,S368,20,S947,11,S146,12,S547,14,In,S551,5,S735,8,S85,21,S826,15,False
S493,Out,S69,16,S198,19,In,S571,4,S904,11,S86,16,S815,12,S434,6,S903,6,S617,10,S161,5,False
S494,Out,S118,15,S264,24,S670,19,S457,20,S825,22,S486,21,S744,5,S541,2,In,S90,2,S210,22,S637,16,S968,2,S281,1,False
S495,Out,S976,3,S898,4,S594,12,S943,15,S970,0,S680,7,In,S497,17,S91,21,S719,11,S379,7,S712,24,False
S496,Out,S249,13,S744,1,S554,14,S867,23,S69,16,S446,5,S363,19,S228,6,In,S970,21,S572,18,S670,15,True
S497,Out,S495,17,S199,3,S483,18,S801,11,In,S343,8,S725,23,S943,1,S148,15,False
S498,Out,S121,23,S797,24,S609,7,S680,18,S263,3,S848,13,S628,10,S855,12,In,S933,8,S291,3,S746,18,S148,6,S951,6,S585,0,S191,6,S213,20,False
S499,Out,S600,8,S232,11,S555,6,S959,18,S580,12,In,S443,24,S582,2,S573,21,False
S500,Out,S943,11,S923,18,In,S967,23,False
S501,Out,S347,0,In,S859,0,S961,0,S40,14,S31,13,S772,12,S333,12,S986,13,False
S502,Out,S324,4,S968,8,In,S864,22,S423,7,S126,22,False
S503,Out,S805,14,S364,20,S292,15,S291,1,S570,12,S751,23,S196,3,S367,18,S31,17,S660,22,In,S578,8,S754,14,S423,12,S59,19,S862,1,S322,7,S958,1,False
S504,Out,S698,13,S449,2,S774,5,S696,18,S942,4,In,S50,19,S443,15,S222,2,S290,12,S796,10,S877,10,False
S505,Out,S221,7,S911,6,S270,9,S694,3,In,S360,18,S39,17,S253,14,S729,13,False
S506,Out,S275,9,S649,18,S164,7,S397,12,S855,0,S247,3,S728,19,S570,22,S877,10,In,S912,21,S321,10,S388,22,S782,8,S945,15,S524,3,False
S507,Out,S985,22,S767,17,S867,9,S843,11,S268,13,S334,1,S630,8,S266,12,In,S977,16,S629,7,S509,22,S759,24,S427,11,False
S508,Out,S485,23,S114,19,S320,22,S509,1,S626,6,S696,12,In,S311,4,S749,6,S622,15,S70,21,False
S509,Out,S294,7,S507,22,S646,17,S751,12,In,S149,2,S214,1,S133,0,S899,23,S62,14,S419,18,S508,1,False
S510,Out,S354,22,S164,17,S111,11,S460,24,S771,13,S474,19,S407,9,S416,20,S914,6,S174,3,S560,23,In,S243,15,S144,21,S12,5,S324,24,S315,12,S61,16,False
S511,Out,S960,2,S749,18,S323,21,S278,12,S375,23,S360,15,In,S105,22,S683,3,S824,12,False
S512,Out,S749,11,S141,5,S929,13,In,S817,17,S146,24,S49,15,False
S513,Out,S38,1,S80,11,In,S408,14,S185,23,S863,13,False
S514,Out,S775,11,S290,13,S113,9,S299,10,S745,22,S578,14,S742,23,In,S29,4,S145,5,S631,15,False
S515,Out,S280,21,S222,4,S382,20,S48,24,In,S459,21,S352,16,False
S516,Out,S272,0,S363,3,S453,4,S742,5,S189,7,In,S115,2,S402,9,S712,8,S551,4,S867,23,S517,17,S317,2,S760,22,False
S517,Out,S421,7,S888,1,S522,12,S311,22,S516,17,S524,9,S38,19,S537,23,In,S883,10,S399,23,S7,0,S339,23,S349,5,False
S518,Out,S743,8,S882,3,S599,4,S328,18,In,S367,20,S318,3,S962,12,S266,23,S954,21,S488,12,S10,17,False
S519,Out,S905,8,S588,22,S999,7,S846,19,S724,4,S878,24,In,S600,12,S353,11,S374,14,S661,14,S320,10,S410,8,False
S520,Out,S120,22,S728,2,In,S946,9,S908,12,S37,21,S885,20,False
S521,Out,S723,4,S679,5,In,S922,6,S12,11,S273,15,S864,10,False
S522,Out,S241,7,S353,12,S331,2,In,S312,17,S517,12,S698,20,S295,21,S901,12,False
S523,Out,S576,18,S546,24,S891,10,S293,2,In,S206,4,S793,21,S236,15,S790,17,S416,24,False
S524,Out,S506,3,S397,7,In,S586,3,S517,9,S280,1,False
S525,Out,S323,8,S200,13,In,S993,16,S320,22,S63,24,S290,3,S28,13,S640,15,False
S526,Out,S710,20,In,S895,3,S600,15,S594,0,S645,11,S815,15,S368,17,S308,2,S343,21,S614,14,S389,17,S990,7,False
S527,Out,S888,1,S383,3,S846,22,S917,7,S150,23,In,S149,15,S794,7,S75,23,S92,6,S679,5,S689,8,S320,21,S215,21,S106,21,False
S528,Out,S693,5,S411,2,S72,13,S313,24,S287,9,S297,10,In,S566,24,S155,18,S529,18,S397,4,S353,8,S63,17,False
S529,Out,S307,2,S598,3,S677,0,S528,18,S599,5,S834,21,S883,7,S569,15,In,S492,0,S187,4,S97,5,S630,5,S390,18,False
S530,Out,S833,9,S874,15,In,S213,22,S340,12,False
S531,Out,S472,3,S816,7,S657,10,In,S929,14,S222,9,S228,11,S146,2,S224,11,False
S532,Out,S96,12,S637,21,S656,2,S5,19,S589,10,S325,23,S54,22,S21,7,S260,8,S716,9,In,S807,21,S991,15,S931,15,S592,4,S552,24,True
S533,Out,S272,13,S969,14,S459,12,S471,11,S490,7,In,S578,7,S281,17,S449,5,S54,21,S771,5,S718,5,S315,21,S94,12,False
S534,Out,S823,4,S270,5,S467,20,In,S716,9,S551,23,S982,22,S179,13,False
S535,Out,S246,4,S290,24,S853,14,S542,15,S998,21,S104,17,In,S320,1,S141,16,False
S536,Out,S871,13,S351,1,S760,10,S108,3,In,S483,22,S965,12,S755,1,S180,7,S235,22,False
S537,Out,S74,0,S115,9,S942,19,S92,13,S158,6,In,S818,18,S766,23,S722,16,S178,4,S978,11,S517,23,S619,1,False
S538,Out,S571,15,S206,9,S173,7,S81,13,S54,1,In,S963,0,S682,17,S100,18,S917,3,S411,1,S901,8,False
S539,Out,S756,23,S725,16,S242,5,S939,1,S807,12,In,S814,16,S999,23,S480,20,S865,17,S85,3,True
S540,Out,S358,19,S693,9,S733,4,S153,21,S856,20,In,S635,0,S277,2,S312,4,S276,7,False
S541,Out,S4,8,S819,20,S218,13,In,S970,11,S397,16,S679,9,S878,17,S494,2,False
S542,Out,S272,21,S616,18,S301,4,In,S556,20,S758,22,S548,1,S624,20,S69,1,S313,23,S535,15,S413,12,S881,14,S469,5,S124,3,False
S543,Out,S573,0,S109,8,S193,6,S257,19,S478,14,S714,22,S667,3,In,S874,20,S796,11,S133,3,S379,0,S645,23,False
S544,Out,S646,12,S293,18,S871,10,S224,22,In,S882,9,S472,15,S918,7,False
S545,Out,S439,7,S610,10,S749,15,S442,12,In,S607,19,S727,23,S413,23,S69,17,S968,23,False
S546,Out,S936,16,S563,19,S158,22,S644,15,In,S523,24,S325,6,S877,0,S449,12,False
S547,Out,S773,4,S845,2,S411,20,S864,19,S43,17,S938,1,In,S665,9,S737,21,S59,10,S492,14,False
S548,Out,S778,22,S838,9,S542,1,In,S728,9,S452,22,S359,24,False
S549,Out,S173,5,S948,24,S992,4,S164,13,S258,6,S227,14,S219,19,S235,12,S237,18,S781,8,In,S239,1,S361,12,S905,21,S693,19,S853,19,S803,14,False
S550,Out,S801,24,S926,21,S80,18,In,S707,8,S473,7,S791,6,S551,18,S708,13,S948,9,False
S551,Out,S492,5,S466,1,S745,16,S711,6,S737,2,S534,23,S516,4,S550,18,S26,0,S112,8,S775,7,In,S163,1,S107,21,S127,0,False
S552,Out,S456,3,S724,9,S532,24,S174,8,In,S655,21,S351,3,S373,2,S137,13,False
S553,Out,S806,10,S404,22,S654,17,S559,11,S287,6,S613,18,In,S958,23,S164,10,S827,8,False
S554,Out,S721,20,S872,4,In,S496,14,S779,19,S118,16,S264,4,S392,15,False
S555,Out,S459,15,S391,20,In,S734,7,S336,13,S499,6,S438,7,S447,5,S341,1,S391,16,False
S556,Out,S933,16,S542,20,S884,22,S116,9,S293,12,S902,21,S211,15,S15,8,S315,6,S238,1,In,S807,24,S687,17,S583,5,S397,2,False
S557,Out,S914,10,S369,16,S728,1,S19,7,S424,20,S335,19,In,S428,6,S446,9,S130,12,S455,18,False
S558,Out,S89,16,S278,1,S559,15,S876,20,S574,22,S238,14,In,S198,23,S298,24,S605,0,S601,11,False
S559,Out,S894,7,S782,2,S365,22,S84,13,In,S24,12,S301,14,S785,20,S558,15,S553,11,S384,13,S126,19,False
S560,Out,S691,9,S391,16,S661,1,S754,0,S982,17,In,S50,11,S286,9,S39,22,S950,17,S510,23,False
S561,Out,S276,7,S922,5,S270,6,S21,14,In,S74,13,S980,2,S894,20,S134,14,S266,5,False
S562,Out,S803,14,S563,16,S404,5,S328,12,S751,3,S312,18,In,S75,2,S228,23,S974,10,S793,1,False
S563,Out,S253,13,S589,6,S463,5,In,S220,14,S546,19,S10,18,S562,16,False
S564,Out,S714,14,S671,20,S859,7,In,S887,16,S298,11,S485,7,S590,11,S254,22,False
S565,Out,S681,18,S677,1,S941,10,S26,16,S888,14,S675,11,S605,20,S38,6,In,S856,20,S942,3,S714,11,S178,2,S656,17,S612,16,False
S566,Out,S528,24,S473,23,S925,4,S235,22,S620,12,S276,18,S109,2,S829,14,S843,15,In,S771,3,S837,1,S242,6,S199,20,S19,1,S483,3,S764,12,S371,14,False
S567,Out,S259,19,S722,11,In,S237,1,S461,12,S102,2,S316,11,False
S568,Out,S781,15,S262,23,S801,21,S131,0,In,S363,16,S897,13,S728,1,False
S569,Out,S414,24,S698,13,In,S789,16,S987,24,S201,5,S894,11,S406,18,S806,15,S54,5,S529,15,False
S570,Out,S227,2,S259,9,S176,3,S81,17,S280,24,S427,4,In,S239,24,S503,12,S957,19,S161,20,S410,20,S506,22,False
S571,Out,S310,7,S456,11,S54,8,S493,4,S474,0,S355,20,S218,2,In,S961,4,S782,6,S538,15,S969,9,S205,22,S618,15,S333,5,S156,20,False
S572,Out,S496,18,S476,23,S953,4,In,S417,14,S960,22,S835,5,S610,3,False
S573,Out,S401,3,S125,17,S499,21,S761,4,S68,19,S0,10,S381,24,S804,1,In,S543,0,S449,20,S321,11,S23,16,False
S574,Out,S722,18,S374,15,S227,7,S888,16,In,S735,21,S725,16,S558,22,False
S575,Out,S781,22,S700,6,S443,8,S771,10,S951,11,S201,7,S943,12,In,S485,1,S432,10,S587,18,S403,21,S764,18,False
S576,Out,S484,1,In,S523,18,S403,16,S178,16,S147,20,S412,15,S98,2,S453,11,False
S577,Out,S591,10,S950,18,S86,16,S729,22,S428,8,S287,24,S99,4,S345,12,In,S980,10,S141,8,S693,13,S92,7,S311,23,S706,12,S181,3,False
S578,Out,S716,13,S503,8,S533,7,S702,5,S908,23,S775,6,In,S992,19,S322,17,S823,16,S971,3,S514,14,False
S579,Out,S865,4,S89,14,S875,5,S191,7,S407,9,In,S780,11,S736,0,S183,23,False
S580,Out,S673,21,S892,8,S901,4,In,S24,16,S467,24,S77,4,S73,2,S765,14,S873,18,S192,3,S499,12,False
S581,Out,S264,8,S768,22,S719,12,S437,2,S834,23,In,S782,21,S705,10,S830,24,S199,1,False
S582,Out,S465,13,S316,10,S281,14,S499,2,S874,6,S988,19,In,S608,13,S357,20,S203,13,S432,0,S993,3,False
S583,Out,S490,11,S228,9,S556,5,S877,21,S705,17,S752,8,S358,22,In,S314,5,False
S584,Out,S169,11,S118,20,S200,2,In,S683,23,S726,7,S843,11,S165,22,False
S585,Out,S419,15,S487,22,S225,20,S654,24,S498,0,S360,16,In,S733,9,S643,20,S5,20,S229,13,S933,9,S230,13,False
S586,Out,S989,16,S417,8,S524,3,S970,17,S302,6,S699,13,S902,11,S371,23,In,S399,13,S425,13,S926,2,False
S587,Out,S612,17,S23,7,S575,18,S385,3,S62,21,S158,6,S71,16,In,S912,2,S247,10,S910,7,False
S588,Out,S640,7,S118,12,S437,1,S333,21,S900,6,S241,0,In,S939,11,S168,9,S889,12,S795,9,S39,6,S519,22,S430,8,S702,21,S399,6,S950,9,S597,23,False
S589,Out,S296,23,S227,16,S887,13,S207,7,S160,6,S265,14,S382,8,S621,3,S31,11,In,S532,10,S767,21,S563,6,S219,19,S315,13,S100,15,S94,15,S609,17,False
S590,Out,S825,10,S990,9,S476,8,S907,20,S197,4,S327,19,S605,5,S564,11,In,S719,15,S16,4,S304,15,S653,14,False
S591,Out,S694,3,S69,4,S596,19,S602,1,In,S577,10,S605,10,S906,17,S670,17,S976,24,True
S592,Out,S321,18,S165,10,S114,13,S797,12,S532,4,S611,24,In,S780,8,S111,15,S777,15,S954,8,S879,0,False
S593,Out,S80,20,S653,9,S665,2,S734,23,S262,15,S57,7,S957,14,S974,3,In,S49,7,S133,6,S666,3,S942,6,S204,18,S934,24,S772,11,False
S594,Out,S276,14,S526,0,S268,12,S681,8,S11,19,S699,2,S928,11,In,S275,12,S398,18,S106,24,S495,12,S19,16,S109,9,True
S595,Out,S829,2,S398,21,In,S399,22,S29,16,S941,8,False
S596,Out,S0,1,S181,11,S359,20,S33,15,S669,3,S178,24,In,S981,6,S255,14,S820,0,S783,18,S591,19,S400,24,False
S597,Out,S39,9,S370,20,S408,24,S289,6,S239,19,S588,23,In,S840,24,S790,10,S984,21,S859,20,S134,17,S486,13,False
S598,Out,S908,21,S354,4,In,S832,2,S67,20,S529,3,S139,3,False
S599,Out,S926,23,S860,13,S809,11,S191,2,In,S933,3,S365,5,S7,13,S293,7,S77,23,S872,13,S84,4,S529,5,S518,4,S985,21,S882,16,S741,16,False
S600,Out,S519,12,S526,15,S314,3,S197,18,S404,24,S148,1,In,S953,8,S20,3,S704,18,S90,11,S499,8,S723,5,S35,17,False
S601,Out,S247,16,S255,1,S181,17,S862,4,S113,18,S952,21,S930,10,S174,9,S558,11,In,S970,2,S818,1,False
S602,Out,S24,20,S455,17,S136,10,S764,12,S433,13,S240,9,In,S970,8,S43,22,S720,4,S591,1,False
S603,Out,In,S814,10,S872,20,S246,19,S189,13,False
S604,Out,S76,0,In,S899,7,S922,16,False
S605,Out,S215,7,S312,18,S591,10,S822,5,S427,3,S558,0,S482,20,In,S408,0,S590,5,S849,4,S565,20,False
S606,Out,S246,4,S750,18,In,S772,16,S269,10,S52,18,S304,4,S35,5,S888,10,S207,9,False
S607,Out,S545,19,S752,1,S719,12,S112,0,S786,16,S338,7,In,S665,19,S135,0,S226,22,S922,1,False
S608,Out,S582,13,S481,21,S276,10,S987,22,S29,1,S634,24,S270,12,S487,18,S342,9,S984,16,S836,20,S93,6,In,S754,18,S642,20,S356,13,S365,14,False
S609,Out,S828,18,S890,13,S628,2,S807,20,S589,17,In,S498,7,S245,20,S469,24,S789,17,S658,4,S350,21,S884,23,False
S610,Out,S227,22,S477,6,S212,7,S30,20,S69,23,S17,19,S572,3,S388,13,In,S717,20,S83,24,S545,10,S645,24,S248,4,S460,2,False
S611,Out,S117,10,S311,9,In,S825,19,S245,6,S235,9,S870,3,S37,12,S592,24,S408,4,False
S612,Out,S195,17,S438,9,S474,6,S342,19,S565,16,S183,21,S10,11,In,S587,17,S454,7,S750,8,S26,23,S75,16,S643,18,S874,9,False
S613,Out,S386,6,S126,21,In,S814,15,S247,2,S100,17,S428,7,S367,9,S638,21,S553,18,False
S614,Out,S526,14,S79,23,In,S991,9,S346,24,S351,5,S329,16,S716,2,False
S615,Out,S176,5,S425,22,S866,1,S841,23,In,S777,19,S36,15,S486,3,S156,10,S28,0,S661,9,True
S616,Out,S978,22,S121,16,S154,24,S88,5,S967,23,S858,6,S208,19,In,S671,0,S176,10,S542,18,S697,15,S789,2,S980,24,S405,6,True
S617,Out,S429,22,S715,12,S165,6,S184,5,S493,10,In,S869,6,S771,17,S756,5,S358,21,S303,16,False
S618,Out,S571,15,S795,1,In,S643,22,S150,23,S2,16,S717,11,S248,20,S730,18,S46,24,False
S619,Out,S733,6,S453,3,S911,13,S328,24,S887,4,S96,20,S967,12,S537,1,In,S947,22,S490,22,S236,16,S958,14,S960,3,False
S620,Out,S718,2,S642,8,S111,12,In,S566,12,S974,0,S28,20,S287,9,S945,11,True
S621,Out,S786,16,S158,15,S673,18,S630,20,S989,6,In,S11,9,S104,5,S186,7,S647,2,S589,3,False
S622,Out,S320,19,S508,15,S754,8,S912,9,S486,20,In,S951,5,S704,5,S883,22,S980,22,S675,2,False
S623,Out,S217,24,S96,6,S737,16,S44,3,In,S700,6,S295,19,S893,6,S793,13,S845,21,False
S624,Out,S855,4,S858,11,S542,20,S897,1,S243,21,S252,6,S139,8,In,S899,6,S64,11,False
S625,Out,S412,17,S978,21,S263,24,S400,18,S112,10,In,S399,14,S816,24,S820,14,S115,1,False
S626,Out,S975,7,S981,8,S283,3,S118,18,In,S183,5,S877,23,S508,6,False
S627,Out,S27,11,S483,14,In,S231,22,S479,18,S958,19,S330,12,S287,10,False
S628,Out,S27,20,In,S243,9,S139,14,S498,10,S83,0,S609,2,S764,15,S762,9,False
S629,Out,S100,0,S702,3,S989,2,S507,7,S927,1,S363,14,S458,4,In,S399,20,S643,21,S865,15,S53,3,S39,15,S31,21,S963,7,S918,12,S266,7,S980,14,S967,18,S987,7,False
S630,Out,S416,4,S529,5,S34,19,S426,8,In,S147,19,S356,7,S507,8,S621,20,S735,11,False
S631,Out,S49,8,S370,13,S818,18,S871,0,S514,15,S634,12,In,S998,21,S660,15,S891,22,S360,21,S751,14,S937,12,S418,24,False
S632,Out,S650,11,In,S981,12,S783,7,S96,10,S182,24,S433,2,S66,6,False
S633,Out,S969,10,S752,16,S822,12,S801,7,S113,11,S59,23,S89,5,S157,3,S50,9,In,S973,8,S657,8,S85,19,False
S634,Out,S701,13,S154,15,S289,2,S977,5,S327,18,In,S158,23,S608,24,S400,22,S744,4,S652,16,S890,10,S631,12,True
S635,Out,S540,0,S781,14,In,S440,19,S754,3,S664,2,False
S636,Out,S857,7,S944,15,S421,20,In,S949,19,S331,4,S993,15,S490,3,S134,2,S811,20,S807,1,S879,7,False
S637,Out,S494,16,S271,7,S462,2,In,S532,21,S458,19,False
S638,Out,S349,22,S856,9,S862,5,S233,17,S972,20,S613,21,S345,0,S313,23,S199,6,In,S164,9,S256,13,S363,21,S862,6,S807,22,S338,0,S702,18,S946,4,False
S639,Out,S908,5,S909,0,S289,4,S14,13,In,S195,16,S42,7,S707,23,False
S640,Out,S525,15,S150,11,S420,13,In,S650,7,S588,7,S896,5,S230,8,S849,7,S5,19,S89,8,False
S641,Out,S727,8,In,S51,7,S292,15,S125,5,S280,11,S418,12,S922,4,False
S642,Out,S608,20,S872,17,S378,19,In,S443,20,S120,0,S812,14,S620,8,S936,10,S22,5,S677,21,False
S643,Out,S104,15,S618,22,S997,19,S585,20,S629,21,S715,9,S394,3,S741,13,S129,8,S311,24,S612,18,S169,0,S115,7,S957,16,In,S155,1,S18,3,S827,14,S462,24,S322,14,S910,11,S163,10,S958,15,S37,9,False
S644,Out,S679,10,S458,8,S100,11,In,S826,24,S297,24,S345,21,S707,3,S263,14,S546,15,False
S645,Out,S526,11,S543,23,S610,24,S843,18,S1,8,S762,6,S146,9,S667,21,S485,2,In,S455,11,S96,1,S484,10,False
S646,Out,S246,22,S778,23,S241,6,S162,9,In,S102,3,S313,13,S544,12,S767,18,S509,17,S981,5,S105,9,False
S647,Out,S28,3,S905,14,S317,21,S322,20,S232,12,S621,2,In,S193,10,S683,12,False
S648,Out,S223,3,S795,9,S690,18,S34,0,In,S722,12,S462,18,S865,2,S765,20,False
S649,Out,S759,0,S68,1,In,S506,18,S130,3,False
S650,Out,S640,7,S250,2,S212,3,S316,4,In,S632,11,S827,23,S246,17,S21,10,S186,0,S898,1,S458,5,False
S651,Out,S353,2,S702,17,S785,9,In,S956,17,S227,16,S395,24,False
S652,Out,S634,16,S694,4,In,S65,2,S15,2,S790,1,S829,7,False
S653,Out,S95,20,S171,9,S217,15,S176,2,S312,17,S590,14,S272,11,In,S872,24,S790,0,S310,8,S593,9,S368,14,S875,3,S362,4,S353,14,False
S654,Out,S441,2,S307,21,S427,24,S698,19,In,S479,13,S585,24,S553,17,False
S655,Out,S911,2,S552,21,S393,15,S9,23,S690,16,S277,10,In,S239,19,S189,19,S111,4,S679,14,False
S656,Out,S289,2,S433,5,S33,3,S288,11,S921,20,S79,24,S700,10,S363,16,S135,4,S565,17,S174,9,S336,23,In,S532,2,S216,20,S396,2,S165,8,False
S657,Out,S633,8,S61,20,S125,7,In,S486,1,S884,13,S531,10,S374,22,False
S658,Out,S727,5,S609,4,S947,17,In,S999,0,S84,13,S35,24,S424,0,S891,19,S80,10,S666,10,False
S659,Out,S207,2,S354,18,S837,17,In,S926,16,S69,12,False
S660,Out,S868,21,S13,20,S381,16,S631,15,S315,17,In,S807,23,S196,21,S228,7,S334,6,S708,10,S503,22,False
S661,Out,S284,5,S320,19,S519,14,S615,9,S446,18,In,S466,0,S944,24,S560,1,S803,16,S455,24,False
S662,Out,S842,6,S424,21,In,S114,1,S907,17,S295,1,False
S663,Out,S89,20,S761,9,S164,15,S0,22,S227,11,In,S731,9,S111,3,S388,8,S914,14,False
S664,Out,S379,3,S333,12,S447,21,S253,5,S384,8,S635,2,In,S744,11,S197,24,S175,0,S438,0,False
S665,Out,S607,19,S325,0,S754,21,S155,12,S547,9,S23,20,S836,6,S826,10,S791,23,S821,22,In,S412,10,S178,7,S593,2,False
S666,Out,S906,2,S593,3,S899,16,S447,0,S658,10,In,S363,9,S76,7,S56,13,S190,10,S428,5,S815,17,S321,8,False
S667,Out,S449,0,S247,24,S764,3,In,S450,10,S930,1,S433,8,S947,13,S645,21,S543,3,S926,19,False
S668,Out,S161,24,S675,9,S945,0,In,S940,16,S87,20,False
S669,Out,S97,18,S154,12,S769,2,S34,0,S850,4,In,S694,0,S279,1,S328,12,S235,6,S596,3,False
S670,Out,S11,14,S119,18,S591,17,S496,15,In,S200,12,S312,14,S494,19,S303,10,S917,1,S187,20,S206,16,False
S671,Out,S616,0,S962,8,S346,22,In,S408,12,S564,20,False
S672,Out,S385,14,S855,11,S793,2,S1,10,S831,19,In,S940,23,S375,3,S743,10,False
S673,Out,S398,0,S778,22,S159,3,S324,13,S262,6,In,S899,4,S580,21,S621,18,False
S674,Out,S103,13,S704,17,S177,2,In,S94,13,S896,6,S259,2,S199,4,S883,4,False
S675,Out,S779,10,S863,3,S54,20,S81,8,S622,2,In,S75,21,S668,9,S0,17,S178,20,S565,11,S906,14,S156,15,S927,8,S45,10,False
S676,Out,S118,3,S138,13,S357,16,S442,4,S10,2,S160,1,In,S933,10,S22,11,S265,17,S765,19,S357,21,S431,21,False
S677,Out,S158,24,S834,15,S341,19,S376,4,S642,21,S431,8,In,S565,1,S217,14,S236,13,S529,0,S982,8,False
S678,Out,S482,13,S91,21,S791,2,S60,7,In,S149,16,S919,8,S51,2,S827,13,False
S679,Out,S541,9,S527,5,S655,14,S287,3,In,S371,12,S189,0,S644,10,S521,5,S796,0,S802,6,False
S680,Out,S962,0,S334,6,S130,4,In,S498,18,S495,7,S101,10,False
S681,Out,S32,4,S155,18,S14,22,S214,7,S815,19,In,S565,18,S594,8,False
S682,Out,S538,17,S244,9,S490,0,In,S993,10,S468,20,S991,23,S232,10,S146,14,S52,20,S272,10,False
S683,Out,S733,0,S300,8,S584,23,S419,22,S340,6,S22,10,S235,4,S981,16,S647,12,S374,21,S57,11,S511,3,S246,13,S99,15,In,S956,11,S713,16,S246,14,S242,4,S33,11,False
S684,Out,S479,16,S881,24,S910,22,S892,9,S842,12,S183,1,S484,10,In,S705,6,S122,11,S41,24,S197,11,False
S685,Out,S273,7,S768,6,S431,9,In,S423,10,False
S686,Out,S83,22,S201,9,S22,11,In,S786,11,S707,20,S405,18,S57,21,S378,3,False
S687,Out,S556,17,S991,12,S711,3,S296,10,S382,4,S968,7,In,S473,0,S71,8,S410,1,False
S688,Out,S747,18,In,S987,1,S294,19,S381,5,S983,19,S780,17,False
S689,Out,S527,8,S905,12,S279,14,In,S466,4,S253,0,S48,11,False
S690,Out,S94,10,S815,20,S67,15,S280,5,S80,6,S843,3,S125,4,S309,12,S788,19,In,S164,13,S59,22,S18,0,S655,16,S648,18,False
S691,Out,S206,24,S488,10,S953,22,S186,7,S203,5,In,S560,9,S840,2,S341,18,S299,13,S235,18,S899,1,False
S692,Out,S25,20,S36,14,S23,16,S379,22,In,S752,24,S52,7,S996,19,S854,21,S191,19,False
S693,Out,S363,11,S986,6,S85,7,S577,13,S313,2,S774,18,S961,1,S549,19,S958,9,In,S528,5,S797,0,S540,9,S829,5,False
S694,Out,S669,0,S13,12,S717,9,S699,13,In,S892,11,S591,3,S505,3,S652,4,S967,13,S987,14,False
S695,Out,S833,1,S194,7,S993,11,In,S93,5,S178,23,S361,1,S903,2,S968,7,False
S696,Out,S399,16,S858,20,S436,7,S333,1,S741,4,In,S465,3,S504,18,S793,24,S508,12,False
S697,Out,S940,22,S616,15,S74,3,S697,11,In,S42,20,S137,4,S877,19,S883,23,S697,11,False
S698,Out,S384,15,S799,13,S410,21,S522,20,In,S504,13,S723,14,S431,5,S85,13,S149,9,S912,12,S375,19,S916,22,S654,19,S569,13,False
S699,Out,S443,4,S479,13,S973,11,S77,17,In,S178,0,S586,13,S694,13,S257,7,S594,2,False
S700,Out,S33,11,S623,6,S732,16,S789,7,In,S335,0,S320,6,S656,10,S834,11,S575,6,S890,2,S991,2,S897,17,S410,22,False
S701,Out,S391,2,S167,17,S837,8,S796,6,In,S634,13,S363,15,S193,15,S188,14,S21,21,False
S702,Out,S744,10,S588,21,S449,23,S222,17,S638,18,S54,3,In,S203,8,S578,5,S629,3,S651,17,False
S703,Out,S896,3,In,S778,22,S139,5,S246,9,S123,3,False
S704,Out,S84,10,S269,22,S600,18,S622,5,S417,0,S915,7,S397,20,In,S943,15,S33,13,S781,10,S456,24,S761,18,S674,17,S300,22,False
S705,Out,S817,16,S684,6,S581,10,S223,9,S824,3,In,S8,13,S415,16,S132,13,S809,4,S583,17,False
S706,Out,S376,14,S410,24,S845,7,S577,12,S412,15,In,S140,0,S475,16,S260,3,False
S707,Out,S60,11,S789,10,S273,9,S550,8,S822,4,S686,20,S644,3,S864,13,S639,23,S299,12,In,S739,24,False
S708,Out,S738,8,S798,15,S88,11,S550,13,S940,18,S660,10,In,S745,11,S345,15,S714,4,S710,12,False
S709,Out,S869,22,S885,8,S175,3,S460,24,In,S198,19,S996,11,S375,7,S449,4,S949,7,False
S710,Out,S175,7,S319,22,S708,12,In,S734,1,S453,19,S429,6,S526,20,S418,10,S253,15,False
S711,Out,S73,9,S882,0,S923,2,S960,22,S160,19,In,S551,6,S357,22,S11,14,S205,20,S687,3,S982,18,S40,8,False
S712,Out,S139,15,S122,21,S74,2,S516,8,S287,18,S830,11,S73,19,S495,24,In,S8,18,S231,16,S221,11,S986,11,False
S713,Out,S813,20,S403,14,S93,3,S683,16,S304,19,In,S949,17,S937,21,S326,6,S465,17,False
S714,Out,S267,14,S565,11,S340,15,S804,21,S790,19,S708,4,S183,1,S730,16,In,S237,6,S46,12,S564,14,S241,20,S715,3,S543,22,S33,6,S93,20,False
S715,Out,S427,4,S827,23,S178,15,S984,13,S714,3,S303,18,In,S783,5,S643,9,S971,9,S404,2,S617,12,False
S716,Out,S534,9,S775,13,S92,1,S614,2,In,S578,13,S769,23,S235,20,S485,23,S532,9,False
S717,Out,S610,20,S618,11,S241,12,S725,1,S984,22,S153,18,S820,8,S847,14,S481,13,S779,24,In,S63,9,S418,1,S430,7,S694,9,S228,1,S194,19,False
S718,Out,S156,17,S411,14,S18,8,S533,5,S245,19,S71,2,In,S797,15,S620,2,S818,16,False
S719,Out,S590,15,S14,10,S371,1,S495,11,S397,23,S970,22,In,S178,14,S607,12,S752,17,S581,12,S410,10,S421,5,S989,5,False
S720,Out,S344,11,S451,9,S94,20,S602,4,S439,21,In,S840,5,S302,18,S107,13,S414,20,S3,2,S35,23,S56,9,S839,13,S847,14,S788,3,False
S721,Out,S2,3,S491,24,S464,0,S99,12,S874,8,S295,1,S387,7,In,S362,17,S810,8,S397,13,S296,18,S3,15,S554,20,S378,15,False
S722,Out,S648,12,S892,11,S914,3,S335,21,S453,24,S537,16,S199,8,In,S237,12,S428,21,S574,18,S567,11,False
S723,Out,S698,14,S465,0,S600,5,S94,3,S178,21,S870,7,In,S993,0,S50,8,S521,4,S366,12,S188,8,False
S724,Out,S330,14,S112,5,S194,11,S886,15,In,S0,1,S168,13,S480,23,S343,13,S840,7,S139,0,S552,9,S519,4,S315,9,False
S725,Out,S497,23,S574,16,S773,11,S391,10,In,S374,9,S717,1,S539,16,S462,6,False
S726,Out,S337,23,S62,10,S584,7,S422,24,S132,16,S870,4,In,S249,16,S274,9,S18,11,S242,8,False
S727,Out,S431,14,S257,24,S545,23,S317,8,S314,11,S488,15,S973,12,In,S408,15,S8,10,S481,15,S641,8,S658,5,S926,18,S337,0,S39,19,False
S728,Out,S548,9,S455,10,S568,1,S381,2,S745,17,In,S736,5,S557,1,S43,7,S506,19,S520,2,False
S729,Out,S445,22,S208,8,S857,20,S505,13,S393,18,S780,17,In,S855,16,S250,0,S577,22,S14,13,S929,7,S480,13,False
S730,Out,S270,1,S348,10,S306,7,S310,23,S360,17,S618,18,S813,8,S162,11,S472,20,In,S739,21,S161,17,S332,22,S882,22,S714,16,True
S731,Out,S663,9,S151,11,S897,6,S269,22,In,S203,10,S400,18,S983,2,S801,17,S354,3,S136,23,S393,6,False
S732,Out,In,S700,16,False
S733,Out,S753,2,S415,5,S585,9,S241,13,S895,10,S236,24,S976,18,In,S683,0,S279,15,S619,6,S275,14,S775,9,S10,20,S540,4,False
S734,Out,S555,7,S710,1,S483,0,S754,5,In,S256,12,S593,23,S175,16,False
S735,Out,S944,14,S977,4,S483,7,S865,1,S574,21,S272,15,S492,8,S279,17,S630,11,S900,6,In,S901,20,S958,20,S247,9,False
S736,Out,S728,5,S579,0,S973,10,S491,7,S452,19,S859,17,S224,21,S976,23,S774,2,In,S461,15,S455,14,S425,15,S65,22,False
S737,Out,S547,21,S376,13,S71,9,S43,19,In,S551,2,S117,8,S263,17,S448,12,S623,16,False
S738,Out,S766,4,S900,9,S912,22,S741,0,S411,14,S264,16,S832,21,In,S818,0,S708,8,S91,11,S411,10,S15,21,S295,4,S251,21,False
S739,Out,S707,24,S730,21,S87,14,S170,3,S434,20,In,S245,14,S10,0,S975,0,S744,9,S389,14,False
S740,Out,S263,23,S381,1,S281,19,In,S187,12,S743,16,S475,4,S885,3,S371,5,S189,23,S402,1,False
S741,Out,S230,2,S848,10,S982,18,S75,4,S409,15,S599,16,In,S870,19,S738,0,S643,13,S185,21,S218,3,S51,17,S696,4,False
S742,Out,S473,22,S84,7,In,S221,17,S992,20,S76,11,S162,24,S516,5,S947,23,S137,17,S123,17,S514,23,False
S743,Out,S740,16,S875,2,S853,15,S672,10,S437,19,S124,12,In,S432,8,S518,8,S958,2,S154,12,False
S744,Out,S872,22,S664,11,S785,1,S634,4,S943,23,S739,9,In,S496,1,S492,22,S888,21,S973,17,S702,10,S767,9,S925,5,S410,23,S494,5,S921,22,False
S745,Out,S939,9,S90,21,S708,11,S928,15,S752,3,S884,17,S906,1,S820,18,In,S551,16,S728,17,S514,22,S380,18,S169,12,False
S746,Out,S498,18,S870,9,S936,13,S382,6,In,S397,15,S990,10,S215,4,S35,11,S28,14,S458,9,S293,2,False
S747,Out,S938,21,S872,4,In,S783,9,S9,12,S4,4,S688,18,False
S748,Out,S900,1,S941,9,In,S160,0,S54,12,S869,15,S936,12,S877,2,False
S749,Out,S300,7,S772,8,S508,6,S155,14,S369,9,S225,20,S256,4,S215,17,S218,23,In,S225,17,S512,11,S511,18,S545,15,S264,23,S776,12,False
S750,Out,S612,8,S256,3,S912,9,In,S360,12,S415,12,S224,2,S606,18,False
S751,Out,S366,9,S56,3,S359,1,S259,21,S631,14,S943,4,S772,12,In,S71,9,S488,6,S503,23,S509,12,S562,3,False
S752,Out,S157,5,S692,24,S719,17,S988,15,In,S607,1,S633,16,S745,3,S583,8,S44,18,False
S753,Out,S488,13,S187,7,In,S733,2,S83,18,S270,18,S891,15,False
S754,Out,S608,18,S293,10,S996,5,S89,4,S503,14,S635,3,In,S665,21,S988,0,S855,11,S734,5,S560,0,S622,8,False
S755,Out,S19,20,S150,6,S137,22,S453,19,S441,9,S536,1,In,S881,6,S937,18,S109,15,S339,16,False
S756,Out,S16,0,S617,5,In,S539,23,S460,14,S975,16,S171,0,S422,24,S970,17,S99,9,False
S757,Out,In,S18,5,True
S758,Out,S542,22,S457,1,S287,21,In,S312,10,S799,21,S186,18,S989,4,S468,22,False
S759,Out,S409,4,S768,14,S507,24,S423,22,In,S649,0,S854,24,S929,3,S442,6,False
S760,Out,S126,19,S308,24,S516,22,In,S8,12,S536,10,S864,19,False
S761,Out,S704,18,S53,16,S465,2,In,S129,11,S573,4,S141,10,S390,23,S257,11,S663,9,S245,1,False
S762,Out,S977,13,S628,9,S280,17,In,S404,8,S219,17,S186,16,S880,21,S645,6,S346,22,False
S763,Out,S900,2,In,S463,24,S892,14,S183,20,S830,0,False
S764,Out,S269,10,S575,18,S566,12,S628,15,In,S431,18,S308,8,S602,12,S170,9,S667,3,False
S765,Out,S768,8,S580,14,S344,22,S676,19,S418,18,S355,21,S648,20,In,S149,11,S791,5,S843,7,S418,6,S119,14,False
S766,Out,S321,6,S842,10,S135,24,S537,23,S905,9,In,S738,4,S896,7,S977,18,False
S767,Out,S589,21,S744,9,S646,18,In,S507,17,S167,23,S346,6,S985,7,S971,0,False
S768,Out,S112,9,S71,24,S908,17,In,S765,8,S222,22,S826,13,S581,22,S39,8,S759,14,S53,24,S685,6,False
S769,Out,S716,23,S179,13,S53,3,In,S426,3,S879,15,S669,2,S801,0,S316,3,False
S770,Out,S84,0,S827,17,S189,16,S346,4,S268,19,In,S791,16,S121,6,S66,3,False
S771,Out,S566,3,S818,21,S981,6,S29,24,S896,7,S428,8,S617,17,S533,5,In,S510,13,S860,3,S900,2,S307,16,S575,10,S857,15,S868,12,S407,15,False
S772,Out,S606,16,S58,0,S374,7,S786,8,S501,12,S98,20,S593,11,S140,18,In,S848,9,S868,2,S130,16,S749,8,S840,4,S751,12,S927,2,S271,11,False
S773,Out,S116,6,In,S547,4,S456,16,S51,22,S725,11,False
S774,Out,S239,21,S956,10,S314,19,S426,14,In,S354,12,S504,5,S217,10,S693,18,S736,2,False
S775,Out,S135,2,S332,12,S733,9,In,S514,11,S345,24,S42,14,S716,13,S578,6,S551,7,S819,14,False
S776,Out,S311,9,S260,15,S152,1,S472,21,S485,17,S30,3,S373,24,S749,12,In,S243,2,S373,0,S326,9,S26,3,False
S777,Out,S615,19,S19,21,S592,15,S116,14,S407,24,In,S106,13,S855,13,S799,24,S800,5,S296,19,S408,21,False
S778,Out,S3,17,S703,22,S845,1,S831,3,S165,23,In,S646,23,S2,22,S548,22,S291,8,S940,17,S673,22,False
S779,Out,S554,19,S151,14,S58,9,In,S391,20,S675,10,S861,0,S717,24,False
S780,Out,S236,13,S579,11,S592,8,S188,22,S288,0,S47,18,S688,17,In,S159,9,S126,9,S259,1,S186,1,S729,17,False
S781,Out,S955,21,S391,20,S704,10,S166,17,In,S568,15,S575,22,S49,0,S349,9,S549,8,S635,14,False
S782,Out,S581,21,S571,6,S506,8,S461,18,S852,1,In,S209,1,S58,3,S559,2,S171,6,S106,6,False
S783,Out,S357,11,S747,9,S715,5,S46,10,S632,7,S425,17,S596,18,In,S397,14,S446,4,False
S784,Out,S256,13,S93,10,In,S413,22,S135,11,S336,22,False
S785,Out,S444,14,S129,4,S438,15,S559,20,S447,10,S359,17,In,S744,1,S941,3,S387,8,S118,6,S824,18,S301,17,S651,9,S810,15,False
S786,Out,S686,11,S124,17,S82,3,S111,9,In,S983,12,S326,7,S621,16,S885,19,S210,21,S772,8,S607,16,False
S787,Out,S271,22,S166,2,S472,4,In,S22,19,S229,4,S34,4,S814,14,S176,21,S878,0,False
S788,Out,S720,3,In,S967,0,S857,11,S381,11,S690,19,False
S789,Out,S569,16,S609,17,S616,2,S70,20,S53,19,In,S707,10,S436,7,S822,21,S156,6,S82,23,S969,18,S700,7,False
S790,Out,S408,18,S390,2,S653,0,S32,19,S597,10,S652,1,S835,5,S523,17,S59,11,S276,23,In,S818,19,S714,19,S109,2,False
S791,Out,S770,16,S358,4,S765,5,S550,6,S412,10,S386,13,S473,3,S872,7,In,S362,19,S678,2,S665,23,False
S792,Out,S486,15,S815,3,S461,21,S845,8,In,S8,2,S458,18,S908,16,False
S793,Out,S221,18,S523,21,S562,1,S623,13,S696,24,In,S672,2,S423,15,S374,5,False
S794,Out,S527,7,S925,13,S877,3,In,S200,24,S110,22,S430,20,S318,24,False
S795,Out,S448,16,S588,9,S322,2,S127,22,S409,4,In,S907,14,S648,9,S920,0,S206,1,S618,1,False
S796,Out,S50,12,S543,11,S27,4,S504,10,S679,0,S881,20,In,S198,6,S894,0,S65,5,S924,14,S844,8,S701,6,S864,16,False
S797,Out,S896,5,S824,9,S718,15,S400,1,S693,0,S308,7,S985,8,In,S498,24,S592,12,S813,19,S113,21,False
S798,Out,S326,0,S381,21,S816,16,S915,9,S944,11,In,S839,2,S708,15,S430,23,S398,24,False
S799,Out,S758,21,S99,1,S843,12,S814,4,S777,24,In,S698,13,S486,22,S986,15,S75,24,False
S800,Out,S353,13,S830,21,S367,18,S777,5,In,S362,21,S454,23,False
S801,Out,S356,18,S875,1,S46,6,S392,7,S985,9,S731,17,S415,2,S769,0,In,S550,24,S633,7,S568,21,S344,23,S171,16,S218,12,S497,11,False
S802,Out,S890,5,S90,20,S679,6,In,S360,15,S849,1,S82,2,S155,5,False
S803,Out,S210,6,S983,10,S356,23,S661,16,S366,11,S247,21,S99,7,S996,3,S549,14,In,S879,14,S562,14,S40,23,False
S804,Out,S88,8,S971,3,S968,23,In,S355,23,S714,21,S573,1,S490,5,S431,9,False
S805,Out,S475,6,S839,22,In,S503,14,S426,12,S432,7,S828,4,S140,16,S973,3,False
S806,Out,S884,3,S569,15,In,S553,10,S841,0,False
S807,Out,S556,24,S248,19,S532,21,S660,23,S983,14,S288,13,S366,18,S638,22,S444,9,S636,1,In,S243,7,S39,7,S825,0,S976,13,S539,12,S609,20,False
S808,Out,S989,18,S810,22,S885,2,In,S28,22,S131,19,False
S809,Out,S219,12,S994,7,S243,17,S705,4,S452,0,S20,14,S237,18,In,S309,7,S996,23,S599,11,S57,10,False
S810,Out,S721,8,S320,22,S785,15,S133,2,In,S473,10,S808,22,S909,19,False
S811,Out,S97,22,S435,18,S10,16,S636,20,In,S918,3,S37,15,S226,14,S43,3,S869,10,True
S812,Out,S301,19,S95,11,S642,14,S299,5,In,S368,18,S204,22,S131,15,S179,20,False
S813,Out,S923,13,S797,19,S834,10,S50,6,In,S713,20,S439,17,S313,17,S730,8,S36,4,S826,20,False
S814,Out,S539,16,S418,24,S613,15,S603,10,S880,6,S787,14,S125,1,In,S248,12,S914,7,S799,4,S974,20,S365,21,False
S815,Out,S902,16,S322,18,S44,0,S493,12,S526,15,S96,22,S666,17,S983,2,S422,7,In,S690,20,S991,6,S475,18,S224,13,S820,20,S366,21,S681,19,S792,3,S190,3,S452,10,False
S816,Out,S179,23,S961,5,S486,0,S842,9,S829,6,S858,18,S982,11,S625,24,S953,12,S349,22,In,S977,13,S294,22,S798,16,S102,22,S531,7,S253,10,False
S817,Out,S512,17,S394,18,S288,1,In,S705,16,S259,19,S246,0,S825,13,False
S818,Out,S790,19,S874,11,S895,4,S537,18,S279,6,S738,0,S172,14,S601,1,S185,13,S374,3,S718,16,S828,7,S946,5,In,S771,21,S631,18,False
S819,Out,S296,17,S961,12,S775,14,In,S335,17,S369,12,S541,20,S64,19,S229,5,S39,9,False
S820,Out,S975,8,S596,0,S625,14,S122,11,S815,20,In,S220,3,S249,15,S717,8,S745,18,False
S821,Out,S91,15,S261,4,S263,7,In,S966,21,S473,19,S326,14,S2,13,S665,22,S83,19,S149,7,False
S822,Out,S68,15,S119,17,S215,6,S789,21,In,S707,4,S633,12,S994,20,S605,5,S942,20,S158,5,S176,6,False
S823,Out,S385,4,S0,0,S152,5,S578,16,S54,6,In,S110,19,S534,4,S68,23,S73,6,False
S824,Out,S44,1,S920,24,S838,20,S785,18,S511,12,In,S797,9,S705,3,S400,11,False
S825,Out,S106,22,S611,19,S835,14,S937,18,S127,23,S817,13,S807,0,In,S590,10,S147,24,S975,13,S494,22,S836,20,False
S826,Out,S951,1,S644,24,S768,13,S492,15,S813,20,In,S27,0,S226,3,S665,10,S929,2,False
S827,Out,S650,23,S342,20,S643,14,S300,18,S553,8,S678,13,In,S770,17,S715,23,S995,0,True
S828,Out,S437,7,S224,0,S349,18,S805,4,S475,17,S389,12,S894,1,In,S333,15,S609,18,S818,7,False
S829,Out,S920,14,S180,16,S652,7,S693,5,In,S816,6,S342,21,S833,1,S595,2,S928,3,S566,14,False
S830,Out,S119,9,S581,24,S173,17,S763,0,S298,15,In,S961,1,S800,21,S476,0,S712,11,False
S831,Out,S932,8,S123,9,In,S255,13,S459,24,S778,3,S65,10,S672,19,S183,16,False
S832,Out,S598,2,S252,1,S156,16,In,S218,11,S86,8,S738,21,S184,2,False
S833,Out,S256,16,S829,1,S974,13,S189,15,S317,7,S248,3,In,S908,22,S910,4,S695,1,S530,9,False
S834,Out,S700,11,S918,6,S10,5,S140,19,In,S954,9,S389,20,S677,15,S946,13,S529,21,S813,10,S581,23,True
S835,Out,S68,2,S572,5,In,S825,14,S79,24,S109,1,S245,2,S790,5,S375,22,S276,4,False
S836,Out,S934,5,S116,16,S457,3,S82,17,S108,15,S825,20,S285,23,In,S867,12,S46,1,S911,9,S665,6,S608,20,S100,6,False
S837,Out,S566,1,S243,15,In,S882,17,S189,21,S179,18,S437,1,S256,20,S152,7,S701,8,S245,16,S318,18,S659,17,False
S838,Out,S403,23,S293,2,In,S2,5,S945,10,S548,9,S824,20,S959,17,S258,13,False
S839,Out,S182,19,S798,2,S897,24,S862,23,S720,13,S41,11,In,S993,8,S38,24,S805,22,S902,8,False
S840,Out,S720,5,S597,24,S385,22,S691,2,S772,4,S209,12,S134,13,S724,7,S401,11,In,S897,5,S359,22,S858,6,False
S841,Out,S206,11,S806,0,S159,14,In,S140,7,S938,2,S615,23,S947,12,False
S842,Out,S68,19,S869,3,S874,2,In,S816,9,S766,10,S178,13,S684,12,S283,2,S662,6,S467,4,False
S843,Out,S765,7,S584,11,S390,21,S467,22,In,S690,3,S100,4,S133,2,S104,4,S939,22,S507,11,S645,18,S902,9,S799,12,S196,24,S566,15,S301,19,False
S844,Out,S459,12,S796,8,S946,17,In,S938,11,S228,4,S415,23,False
S845,Out,S28,24,S879,3,S623,21,In,S547,2,S778,1,S706,7,S956,23,S792,8,S401,2,False
S846,Out,S193,3,S200,14,S405,20,In,S83,8,S287,17,S527,22,S519,19,False
S847,Out,S720,14,In,S118,2,S444,6,S236,23,S717,14,False
S848,Out,S772,9,S898,20,S989,10,In,S479,16,S741,10,S498,13,S250,10,False
S849,Out,S802,1,S605,4,S640,7,In,S56,7,S198,8,S112,10,S963,3,False
S850,Out,S282,3,S289,13,S212,21,S980,23,In,S175,18,S669,4,False
S851,Out,S55,13,S414,19,S267,6,S161,17,S373,18,S271,0,In,S943,4,S75,11,S310,7,False
S852,Out,S412,18,S84,9,In,S51,9,S285,16,S482,1,S882,19,S166,10,S782,1,False
S853,Out,S185,7,S182,24,S879,23,S20,0,S549,19,In,S954,15,S535,14,S743,15,False
S854,Out,S435,20,S138,23,S759,24,S692,21,S949,3,In,S895,0,S175,17,S413,1,S933,19,False
S855,Out,S212,18,S729,16,S298,19,S401,8,S777,13,S754,11,S974,23,In,S672,11,S624,4,S506,0,S964,16,S498,12,False
S856,Out,S565,20,S15,8,S136,18,S954,6,In,S168,11,S638,9,S27,3,S886,12,S540,20,False
S857,Out,S893,8,S1,17,S788,11,S771,15,S904,22,In,S636,7,S729,20,False
S858,Out,S397,21,S840,6,In,S973,6,S816,18,S624,11,S696,20,S616,6,S165,0,False
S859,Out,S501,0,S32,7,S366,23,S597,20,In,S264,6,S371,3,S103,10,S961,22,S736,17,S564,7,S38,17,S439,21,S454,24,S278,19,False
S860,Out,S12,10,S771,3,S406,6,S954,4,S243,8,S155,0,In,S599,13,S916,7,S43,17,S220,22,False
S861,Out,S361,16,S160,10,S95,7,S779,0,S376,4,S39,17,S463,6,In,S390,20,S108,7,S127,7,S6,21,S927,10,False
S862,Out,S363,24,S503,1,S638,6,In,S965,13,S839,23,S977,8,S601,4,S638,5,S915,1,S385,21,False
S863,Out,S449,9,S956,18,S513,13,In,S95,5,S675,3,S435,2,False
S864,Out,S502,22,S141,3,S882,21,S886,17,S879,6,S68,11,S282,7,S521,10,S760,19,S455,12,S188,5,S796,16,In,S8,3,S907,22,S707,13,S547,19,S460,23,False
S865,Out,S629,15,S539,17,S648,2,In,S735,1,S35,18,S579,4,S1,10,S373,16,S294,18,False
S866,Out,S117,24,S881,2,In,S492,2,S173,15,S883,18,S964,20,S615,1,S6,3,S869,3,False
S867,Out,S327,9,S836,12,S516,23,S218,10,In,S496,23,S454,13,S129,22,S375,11,S507,9,S115,18,S212,0,False
S868,Out,S282,8,S772,2,S299,20,S771,12,In,S660,21,False
S869,Out,S617,6,S748,15,S283,13,S102,11,S866,3,S811,10,In,S709,22,S184,24,S137,1,S842,3,S82,5,False
S870,Out,S741,19,S100,13,S611,3,S173,5,In,S232,24,S172,23,S746,9,S723,7,S726,4,True
S871,Out,S457,22,S107,8,S974,13,S88,7,S458,16,S441,6,In,S1,18,S536,13,S238,1,S631,0,S544,10,False
S872,Out,S653,24,S480,1,S603,20,S164,3,S599,13,In,S744,22,S642,17,S747,4,S554,4,S791,7,S887,19,S896,3,False
S873,Out,S580,18,S909,16,In,S181,4,S988,12,False
S874,Out,S543,20,S32,24,S358,3,S294,15,S612,9,In,S818,11,S351,15,S582,6,S889,20,S721,8,S339,18,S530,15,S842,2,False
S875,Out,S185,23,S653,3,In,S801,1,S743,2,S992,13,S211,0,S420,22,S458,7,S579,5,S17,4,S943,8,S271,14,False
S876,Out,S929,16,S382,11,In,S83,22,S311,20,S375,6,S558,20,False
S877,Out,S697,19,S504,10,S546,0,S626,23,S421,5,S748,2,In,S92,24,S583,21,S794,3,S62,17,S239,17,S146,23,S506,10,True
S878,Out,S188,1,S245,7,S244,8,S258,24,S11,6,S541,17,S787,0,In,S50,14,S467,20,S442,13,S519,24,S231,15,False
S879,Out,S803,14,S769,15,S50,19,S193,24,S592,0,S636,7,In,S864,6,S406,17,S853,23,S305,17,S845,3,False
S880,Out,S762,21,In,S935,2,S814,6,S344,0,S86,17,S250,19,False
S881,Out,S368,0,S755,6,S335,24,S289,4,S214,10,S542,14,In,S165,7,S684,24,S866,2,S338,21,S194,15,S796,20,False
S882,Out,S837,17,S544,9,S149,13,S852,19,S599,16,S730,22,In,S864,21,S711,0,S518,3,S372,1,False
S883,Out,S517,10,S866,18,S697,23,S622,22,S674,4,In,S397,3,S461,20,S529,7,False
S884,Out,S657,13,S609,23,S318,2,S312,19,In,S556,22,S335,11,S806,3,S745,17,S937,22,False
S885,Out,S786,19,S13,2,S740,3,S83,18,S520,20,In,S709,8,S160,16,S808,2,False
S886,Out,S406,7,S856,12,In,S864,17,S724,15,False
S887,Out,S966,12,S564,16,S305,17,S31,2,S887,11,S256,14,S872,19,In,S351,20,S887,11,S589,13,S619,4,S460,16,False
S888,Out,S744,21,S606,10,S973,9,S240,20,In,S527,1,S517,1,S565,14,S433,9,S485,12,S102,15,S937,0,S574,16,False
S889,Out,S588,12,S874,20,S31,0,In,S94,20,S217,3,S121,3,S289,14,False
S890,Out,S975,6,S380,20,S345,11,S459,3,S700,2,S66,5,S634,10,In,S981,20,S274,19,S609,13,S72,3,S307,18,S802,5,False
S891,Out,S631,22,S753,15,S658,19,S65,13,In,S896,2,S523,10,S127,24,S243,22,S401,6,S483,7,S171,4,S140,3,False
S892,Out,S694,11,S763,14,In,S155,0,S722,11,S580,8,S684,9,S348,2,False
S893,Out,S285,17,S623,6,In,S857,8,S33,14,S154,19,False
S894,Out,S796,0,S561,20,S85,8,S569,11,S391,1,S424,7,In,S140,1,S559,7,S828,1,S7,3,False
S895,Out,S526,3,S854,0,S134,18,S166,19,S935,6,In,S818,4,S258,4,S733,10,False
S896,Out,S891,2,S640,5,S674,6,S766,7,S872,3,In,S797,5,S771,7,S703,3,S61,6,False
S897,Out,S438,14,S392,15,S840,5,S130,22,S941,1,S229,12,S153,10,S268,0,S191,7,S343,6,S568,13,S208,24,S700,17,S901,2,In,S839,24,S470,21,S21,2,S327,0,S956,20,S88,4,S731,6,S624,1,S943,6,False
S898,Out,S917,18,S359,23,S57,24,S650,1,In,S253,11,S495,4,S177,3,S241,12,S173,11,S848,20,False
S899,Out,S673,4,S624,6,S604,7,S308,22,S334,0,S108,3,S509,23,S475,8,S691,1,In,S138,17,S256,0,S18,4,S980,12,S666,16,S251,0,S177,13,False
S900,Out,S222,7,S771,2,In,S738,9,S100,7,S748,1,S763,2,S588,6,S735,6,False
S901,Out,S735,20,S940,9,S102,16,S976,18,S79,4,S522,12,S538,8,In,S164,16,S961,6,S580,4,S339,13,S897,2,False
S902,Out,S480,14,S232,5,S843,9,S839,8,S353,17,S415,10,In,S815,16,S586,11,S935,3,S556,21,False
S903,Out,S53,9,S7,16,S324,12,S375,11,S695,2,S493,6,S27,7,In,S474,12,S234,1,S71,4,S179,2,False
S904,Out,S493,11,In,S956,6,S329,6,S188,4,S857,22,False
S905,Out,S921,23,S549,21,S938,20,S228,16,In,S647,14,S519,8,S439,18,S766,9,S689,12,False
S906,Out,S399,3,S380,9,S591,17,S675,14,S246,12,In,S914,5,S46,10,S666,2,S74,9,S745,1,False
S907,Out,S795,14,S662,17,S946,13,S864,22,S94,19,S948,16,S404,1,In,S590,20,S998,16,S434,24,False
S908,Out,S833,22,S520,12,S484,9,S970,21,S792,16,S241,18,In,S21,12,S598,21,S639,5,S768,17,S481,17,S578,23,False
S909,Out,S192,15,S810,19,In,S48,7,S963,1,S265,21,S953,22,S639,0,S873,16,False
S910,Out,S409,17,S833,4,S643,11,S587,7,S459,13,In,S450,23,S684,22,S994,7,S402,21,S447,22,False
S911,Out,S836,9,S927,5,S259,16,In,S655,2,S505,6,S619,13,S74,10,S971,5,False
S912,Out,S506,21,S587,2,S423,3,S698,12,In,S949,21,S216,1,S738,22,S322,4,S750,9,S622,9,False
S913,Out,S342,20,In,S126,11,S154,7,S371,0,False
S914,Out,S906,5,S663,14,S172,20,S814,7,In,S557,10,S178,5,S510,6,S722,3,S386,4,S169,2,S290,13,False
S915,Out,S37,24,S862,1,S289,0,S993,22,In,S965,11,S470,13,S798,9,S704,7,S301,6,False
S916,Out,S860,7,S160,10,S354,24,S398,20,S698,22,In,S92,8,S76,2,False
S917,Out,S276,4,S124,20,S670,1,S538,3,S37,15,S363,18,In,S898,18,S236,0,S527,7,S269,12,S106,16,False
S918,Out,S811,3,S80,16,S137,18,S629,12,S544,7,S413,2,S284,0,S38,22,In,S991,13,S834,6,S15,8,S58,15,S170,17,False
S919,Out,S210,14,S678,8,S327,5,In,S321,2,S350,8,S227,6,False
S920,Out,S795,0,S39,18,In,S111,1,S829,14,S117,22,S824,24,S216,12,S976,1,S248,0,False
S921,Out,S29,5,S319,20,S744,22,In,S300,10,S6,22,S656,20,S977,21,S905,23,S241,17,S10,7,False
S922,Out,S131,23,S521,6,S301,7,S247,12,S607,1,S641,4,S604,16,In,S268,23,S561,5,False
S923,Out,S10,20,S928,10,In,S813,13,S415,13,S947,19,S339,19,S711,2,S500,18,False
S924,Out,S372,16,S113,18,S796,14,S363,12,In,S101,17,S361,3,S489,11,False
S925,Out,S485,16,S965,22,S744,5,In,S566,4,S794,13,True
S926,Out,S432,22,S304,5,S6,23,S659,16,S63,21,S727,18,S476,3,S110,13,S586,2,S667,19,In,S599,23,S322,5,S550,21,S229,20,False
S927,Out,S861,10,S675,8,S209,9,S772,2,In,S490,7,S467,13,S911,5,S954,16,S629,1,S70,4,False
S928,Out,S934,8,S299,24,S84,9,S829,3,In,S923,10,S745,15,S488,13,S203,19,S240,2,S427,5,S27,1,S594,11,False
S929,Out,S531,14,S183,24,S929,12,S34,23,S729,7,S79,8,S759,3,S826,2,In,S47,6,S929,12,S333,6,S876,16,S512,13,False
S930,Out,S350,24,S162,14,S667,1,S266,12,S338,19,In,S94,10,S601,10,False
S931,Out,S25,7,S341,19,S190,24,S267,6,S270,12,S111,20,S532,15,In,S41,13,S216,17,False
S932,Out,S439,6,S117,21,S114,0,S41,22,S483,4,In,S943,22,S831,8,S189,11,S385,8,S415,18,S145,19,False
S933,Out,S676,10,S599,3,S498,8,S945,20,S967,23,S178,1,S585,9,S854,19,In,S556,16,S993,4,False
S934,Out,S124,8,S385,21,S967,2,S593,24,In,S928,8,S836,5,False
S935,Out,S880,2,S482,9,S902,3,In,S947,5,S300,20,S895,6,S134,16,S82,7,False
S936,Out,S450,19,S642,10,S234,5,S748,12,S368,15,In,S546,16,S395,13,S27,12,S353,22,S746,13,S92,18,False
S937,Out,S755,18,S713,21,S631,12,S884,22,S225,24,S888,0,In,S825,18,S292,19,S369,20,False
S938,Out,S26,15,S251,10,S218,8,S430,0,S844,11,S14,7,S965,19,S171,16,S841,2,In,S27,6,S747,21,S547,1,S905,20,S213,24,False
S939,Out,S588,11,S96,12,S843,22,In,S745,9,S455,15,S539,1,False
S940,Out,S965,5,S672,23,S668,16,S323,4,S196,9,S116,20,S375,22,S9,2,S778,17,S209,7,S975,10,S288,13,S241,6,S378,1,S421,12,In,S901,9,S697,22,S491,17,S253,7,S708,18,False
S941,Out,S346,15,S785,3,S71,20,S171,21,S595,8,S339,12,In,S897,1,S565,10,S748,9,False
S942,Out,S565,3,S593,6,S822,20,In,S23,6,S537,19,S504,4,False
S943,Out,S851,4,S367,19,S932,22,S704,15,S203,12,S93,2,S497,1,S875,8,S335,11,S897,6,In,S977,24,S500,11,S744,23,S751,4,S495,15,S575,12,False
S944,Out,S163,20,S256,1,S48,21,S400,12,S429,9,S661,24,S114,19,S386,4,S87,22,In,S735,14,S396,5,S348,0,S21,7,S78,15,S798,11,S157,20,S636,15,False
S945,Out,S422,18,S471,20,S838,10,S374,9,S225,21,S506,15,S258,19,S42,0,S620,11,In,S933,20,S374,15,S668,0,False
S946,Out,S520,9,S834,13,S638,4,In,S94,1,S907,13,S83,6,S148,23,S844,17,S19,0,S818,5,False
S947,Out,S450,6,S619,22,S935,5,S32,20,S20,4,S923,19,S742,23,S667,13,S171,14,S284,9,S841,12,In,S243,10,S140,20,S492,11,S658,17,False
S948,Out,S550,9,S255,1,S310,22,In,S549,24,S353,4,S965,0,S907,16,S970,1,S456,21,False
S949,Out,S912,21,S713,17,S27,10,S159,11,S636,19,S373,12,S139,3,S182,13,S433,4,S709,7,S272,5,In,S243,20,S854,3,False
S950,Out,S339,21,S560,17,S588,9,In,S577,18,S978,21,S485,22,S275,20,False
S951,Out,S250,24,S622,5,S498,6,In,S826,1,S302,21,S229,18,S575,11,False
S952,Out,S115,12,S41,4,S408,18,In,S983,21,S601,21,S975,10,S138,16,False
S953,Out,S600,8,S374,0,S987,9,S909,22,S122,5,In,S691,22,S816,12,S572,4,False
S954,Out,S834,9,S853,15,S927,16,S518,21,S592,8,S227,13,S371,20,In,S213,17,S373,5,S860,4,S131,24,S183,10,S201,9,S856,6,False
S955,Out,S109,23,S106,2,S169,4,In,S781,21,S177,17,S2,3,S969,24,False
S956,Out,S683,11,S651,17,S904,6,S274,4,S63,18,S458,22,S5,19,S897,20,S845,23,In,S774,10,S452,9,S863,18,S46,23,False
S957,Out,S570,19,S340,12,S436,16,S318,8,In,S460,10,S12,10,S593,14,S8,17,S227,12,S328,18,S643,16,False
S958,Out,S553,23,S627,19,S735,20,S743,2,S619,14,S643,15,S503,1,In,S325,24,S68,7,S693,9,False
S959,Out,S400,3,S131,12,S468,10,S838,17,S451,6,In,S463,22,S417,0,S499,18,False
S960,Out,S365,2,S306,24,S305,23,S321,6,S572,22,S359,1,S619,3,In,S463,21,S511,2,S97,6,S9,9,S102,20,S247,16,S711,22,S246,4,False
S961,Out,S198,17,S571,4,S830,1,S286,23,S329,8,S998,24,S501,0,S217,7,S901,6,S859,22,S231,5,S484,20,In,S816,5,S979,18,S693,1,S819,12,False
S962,Out,S518,12,S410,23,S75,9,In,S671,8,S203,18,S680,0,S351,23,False
S963,Out,S538,0,S19,20,S909,1,S629,7,S849,3,S91,13,In,S111,14,S24,5,S352,21,False
S964,Out,S347,1,S866,20,S270,8,S855,16,In,S992,0,S316,1,S154,11,False
S965,Out,S335,15,S202,6,S319,19,S862,13,S915,11,S244,24,S948,0,S17,22,S65,10,S536,12,In,S940,5,S938,19,S194,13,S186,5,S925,22,S173,6,S220,18,False
S966,Out,S821,21,S462,16,S305,7,In,S887,12,S89,24,False
S967,Out,S500,23,S788,0,S694,13,S997,4,S629,18,In,S933,23,S934,2,S394,9,S225,7,S616,23,S389,7,S619,12,False
S968,Out,S360,19,S287,4,S494,2,S299,14,S3,17,S695,7,S545,23,In,S260,21,S258,1,S227,0,S804,23,S502,8,S317,22,S687,7,False
S969,Out,S167,14,S401,2,S571,9,S285,21,S955,24,S789,18,In,S633,10,S533,14,S217,8,True
S970,Out,S496,21,S601,2,S602,8,S184,7,S541,11,S120,3,S948,1,S756,17,S396,23,S20,16,S321,24,In,S34,21,S908,21,S586,17,S167,22,S495,0,S719,22,False
S971,Out,S715,9,S162,20,S135,16,S911,5,S767,0,S578,3,In,S39,3,S804,3,S416,7,S165,2,False
S972,Out,S192,1,S291,16,S65,22,In,S229,12,S43,23,S72,17,S638,20,S344,17,S53,0,False
S973,Out,S633,8,S858,6,S744,17,S805,3,S106,14,In,S699,11,S417,22,S188,6,S736,10,S411,19,S888,9,S110,17,S727,12,False
S974,Out,S620,0,S562,10,S814,20,S99,18,S404,11,In,S871,13,S474,1,S833,13,S855,23,S593,3,False
S975,Out,S756,16,S739,0,S825,13,S387,4,S952,10,S108,5,In,S890,6,S626,7,S820,8,S997,15,S940,10,S127,8,False
S976,Out,S272,7,S133,20,S35,17,S225,5,S125,6,S920,1,S591,24,S807,13,In,S901,18,S495,3,S736,23,S41,18,S733,18,False
S977,Out,S816,13,S153,14,S943,24,S485,6,S75,11,S507,16,S137,1,S250,12,S370,2,S921,21,S862,8,S158,20,S766,18,In,S735,4,S214,18,S762,13,S407,17,S634,5,False
S978,Out,S25,14,S23,12,S950,21,S537,11,In,S625,21,S354,17,S364,17,S616,22,S334,0,S189,12,False
S979,Out,S961,18,S309,6,S333,16,S200,4,In,S386,0,S378,10,S70,22,False
S980,Out,S577,10,S135,1,S561,2,S899,12,S616,24,S622,22,S629,14,In,S360,6,S463,5,S182,11,S408,8,S850,23,False
S981,Out,S632,12,S890,20,S596,6,S646,5,In,S771,6,S626,8,S276,12,S683,16,False
S982,Out,S80,3,S378,23,S711,18,S534,22,S1,12,S677,8,S286,16,In,S998,18,S741,18,S816,11,S560,17,False
S983,Out,S952,21,S786,12,S434,5,S731,2,S688,19,In,S807,14,S803,10,S9,17,S815,2,S145,8,False
S984,Out,S36,17,S184,22,S327,15,S993,8,S597,21,S113,5,S303,19,S144,9,In,S271,20,S715,13,S717,22,S287,3,S608,16,False
S985,Out,S463,20,S599,21,S339,0,S767,7,S381,6,In,S507,22,S801,9,S305,23,S797,8,True
S986,Out,S89,12,S63,18,S799,15,S712,11,S456,21,S501,13,In,S693,6,S103,0,S201,1,S94,17,True
S987,Out,S688,1,S233,17,S569,24,S151,15,S424,2,S224,4,S694,14,S629,7,In,S953,9,S608,22,S248,16,S489,21,S251,16,S477,13,False
S988,Out,S754,0,S65,11,S873,12,In,S435,1,S752,15,S582,19,False
S989,Out,S372,1,S144,15,S758,4,S155,21,S719,5,In,S586,16,S808,18,S386,24,S629,2,S621,6,S848,10,False
S990,Out,S746,10,S526,7,S399,0,In,S590,9,False
S991,Out,S200,12,S918,13,S461,16,S614,9,S532,15,S815,6,S682,23,S39,5,S700,2,In,S245,9,S306,5,S687,12,S444,21,False
S992,Out,S578,19,S445,14,S964,0,S742,20,S875,13,In,S111,11,S549,4,S340,6,S347,20,S368,6,S483,6,S356,15,False
S993,Out,S839,8,S138,23,S682,10,S525,16,S723,0,S582,3,S636,15,S299,20,S9,14,S933,4,In,S34,3,S74,6,S984,8,S695,11,S915,22,S268,14,S455,10,False
S994,Out,S822,20,S286,3,S182,22,S27,14,S910,7,In,S809,7,S225,5,False
S995,Out,S42,6,S995,10,S827,0,In,S486,5,S995,10,S46,9,S263,22,S463,20,False
S996,Out,S123,21,S692,19,S709,11,S127,18,S809,23,S389,22,In,S754,5,S300,4,S803,3,False
S997,Out,S186,14,S975,15,S312,11,S339,20,S104,7,In,S5,9,S643,19,S154,15,S44,20,S967,4,False
S998,Out,S631,21,S98,3,S982,18,S174,5,S907,16,S25,1,S430,0,In,S318,9,S961,24,S535,21,False
S999,Out,S658,0,S226,13,S539,23,S16,1,S356,4,S159,15,In,S176,0,S158,16,S340,5,S519,7,S15,11,False
